TDManager_old23.au3, 4398, 21.265, 26.01, 12.808
SG_old2.au3, 1116, 10.217, 15.59, 3.9560000000000004
Gest Serveur_old3.au3, 3189, 16.075, 24.58, 10.059000000000001
CDIpwner_old1.au3, 1355, 15.675, 14.32, 4.886
serveur_old114.au3, 7353, 25.166999999999998, 29.62, 20.277
filekeeperd_old10.au3, 2487, 12.775, 25.17, 7.891
Crypt_old28.au3, 6592, 22.540999999999997, 28.7, 18.849
ChestLock_old3.au3, 929, 6.265, 13.89, 3.214
TotalControl_old3.au3, 337, 5.804, -17.51, 1.629
send_old41.au3, 11217, 26.338, 27.78, 30.929000000000002
klogger_old1.au3, 251, 5.2090000000000005, -32.67, 1.4989999999999999
serveur_old123.au3, 7537, 24.7, 29.71, 22.011
PAMonit_old1.au3, 2464, 18.431, 22.97, 7.736
send_old53.au3, 14096, 28.341, 28.33, 38.36
ChestLock_old9.au3, 2144, 14.826, 21.27, 7.131
include_old2.au3, 6509, 184.566, 27.55, 19.189999999999998
BonjourGrabber_old2.au3, 285, 6.667, -30.88, 1.611
recv_old11.au3, 2064, 18.355, 23.79, 6.407
client_old12.au3, 2202, 14.058, 24.48, 7.452
ChestLock_old41.au3, 8172, 26.228, 27.53, 23.85
Sessions_Server_expanded.au3, 17843, 26.947, 31.51, 47.688
AppleInfoGrabber_old10.au3, 2393, 15.336, 23.44, 7.592
Ninjat_old21.au3, 11875, 30.96, 28.6, 32.154
serveur_old111.au3, 6908, 23.64, 29.34, 18.915000000000003
Serveur_old15.au3, 1458, 11.159, 18.52, 4.83
filekeeperconfig.au3, 5309, 21.316000000000003, 27.59, 14.845
ChestLock_old7.au3, 1867, 14.661999999999999, 19.87, 5.961
ArcNet_file_old5.au3, 1956, 14.071, 19.84, 6.354
client_old35.au3, 5506, 23.081999999999997, 26.86, 16.372999999999998
m4ster_old20.au3, 6965, 23.727999999999998, 27.93, 19.417
New Script lolilol.au3, 313, 2.1519999999999997, 5.75, 1.2429999999999999
MPlayer_old18.au3, 2373, 18.152, 21.74, 7.471
MPlayer_old14.au3, 2336, 17.085, 21.32, 7.75
Jarvis_old19.au3, 5213, 23.55, 27.66, 15.074
Serveur_old16.au3, 3582, 19.803, 26.66, 10.481
serveur_old68.au3, 5283, 24.134, 29.06, 15.052
m4ster_old8.au3, 5494, 24.414, 26.77, 17.349
AppleInfoGrabber_old8.au3, 2134, 14.64, 22.31, 6.64
send_old20.au3, 7617, 26.139, 26.73, 21.241
m4ster_old11.au3, 6062, 24.808, 27.28, 16.927
rsync_old2.au3, 7926, 25.680999999999997, 27.64, 23.355999999999998
FBpass.au3, 3455, 20.259, 25.5, 10.57
TDManager_old19.au3, 3053, 16.672, 25.29, 9.546000000000001
cheat.au3, 202, 3.053, -44.55, 1.213
client_old16.au3, 2705, 17.766000000000002, 23.55, 8.324
filekeeperd-net_old6.au3, 1899, 14.964, 20.8, 6.198
filekeeperconfig_old9.au3, 4879, 21.804000000000002, 26.75, 14.62
filekeeperd-net_old17.au3, 4965, 18.610000000000003, 27.17, 14.924
Fonctions.au3, 3724, 20.691000000000003, 27.39, 10.695
Crypt_old19.au3, 4173, 18.697, 27.63, 12.44
serveur_old116.au3, 7568, 25.735999999999997, 29.74, 21.672
ChestLock_old4.au3, 1106, 7.0520000000000005, 16.73, 4.152
recv_old26.au3, 4303, 20.781000000000002, 27.56, 12.388
serveur_old67.au3, 5227, 22.1, 29.08, 14.623000000000001
zomb_old26.au3, 5527, 23.448, 26.29, 17.389000000000003
filekeeperd-net_old8.au3, 4132, 16.711, 26.96, 12.584
mRSS_old11.au3, 4881, 23.145, 25.98, 14.391
TDManager_old3.au3, 1324, 11.623, 16.99, 5.498
recv_old15.au3, 2084, 17.647, 23.9, 6.645
serveur_old107.au3, 8086, 27.831000000000003, 29.79, 24.52
serveur_old77.au3, 7076, 23.267, 29.71, 19.948
Serveur_old6.au3, 1736, 11.476, 24.37, 5.4159999999999995
MPlayer_old10.au3, 1812, 15.720999999999998, 18.76, 5.891
serveur_old136.au3, 7877, 25.66, 29.8, 21.354000000000003
client_old26.au3, 4532, 19.842, 26.48, 12.943
Cl0ck 1t_old7.au3, 2148, 15.538, 19.65, 7.143
serveur_old88.au3, 6609, 23.213, 29.31, 17.895
serveur_old65.au3, 5184, 21.104000000000003, 27.87, 14.307
check_old8.au3, 1057, 13.795, 12.02, 3.96
PCDS_no_easter.au3, 9377, 26.218, 29.01, 26.104
Test IP.au3, 1239, 12.019, 17.43, 4.143
client_old63.au3, 10084, 29.884999999999998, 29.1, 29.1
Ninjat_old10.au3, 11071, 30.137, 28.62, 30.036
Serveur_old4.au3, 1632, 11.450999999999999, 24.14, 5.086
MSN Pass_old1.au3, 2076, 24.617, 22.06, 7.388999999999999
test__old1.au3, 278, 4.322, -25.18, 1.432
Sessions_Server.au3, 13369, 23.662, 31.66, 37.446
ChestLock_old27.au3, 5099, 21.083000000000002, 26.22, 14.639
client_old69.au3, 11203, 33.321999999999996, 29.02, 30.625
serveur_old90.au3, 6770, 23.941, 29.42, 19.009
Ninjat_old15.au3, 11328, 31.564, 28.28, 30.952
click.au3, 98, 1.591, -120.41, 0.8220000000000001
TDManager_old21.au3, 4354, 20.854000000000003, 25.95, 12.648
test.au3, 25, 0.437, -396.0, 0.443
DLoader_old2.au3, 962, 12.746, 11.02, 3.722
AppleInfoGrabber_old18.au3, 3125, 19.163, 24.61, 9.677
filekeeperconfig_old14.au3, 5228, 21.464000000000002, 27.47, 14.532
polynome.au3, 800, 9.594, 9.62, 2.985
ChestLock_old14.au3, 3123, 19.34, 24.02, 10.024
testGDIPlus notifs.au3, 576, 7.276000000000001, 1.04, 2.49
Cl0ck 1t_old2.au3, 1802, 15.564, 18.15, 6.021999999999999
m4ster_old40.au3, 11406, 26.973, 28.98, 30.686
PCDS_old6.au3, 9255, 26.221999999999998, 29.0, 25.744
EasyC_old2.au3, 3790, 17.894000000000002, 26.7, 11.812
filekeeperconfig_old11.au3, 5154, 22.081, 26.87, 15.555
TCPRecv.au3, 3119, 15.272, 29.72, 8.911000000000001
Courbe Sinusoïdale_old12.au3, 955, 10.338, 11.52, 3.4749999999999996
send_old9.au3, 4148, 21.079, 25.1, 12.802
send_old55.au3, 14492, 30.49, 28.41, 42.46
client_old6.au3, 1268, 14.129, 16.48, 4.529
Jarvis_old24.au3, 5981, 27.834999999999997, 27.85, 17.655
DeplaceDossier.au3, 1565, 13.045, 18.27, 5.175
recv_old14.au3, 2042, 17.076999999999998, 23.7, 7.236000000000001
EasyC.au3, 5154, 20.869, 28.75, 15.11
Ctrl.au3, 2780, 19.375, 22.99, 8.977
DiskAid Cracker_old4.au3, 3039, 20.807, 24.28, 9.492
filekeeperconfig_old6.au3, 3825, 19.563, 25.57, 11.873999999999999
Gest Serveur.au3, 3360, 15.661000000000001, 24.7, 10.200000000000001
zomb_old9.au3, 2310, 17.786, 20.82, 7.516
client_old4.au3, 353, 4.329000000000001, -13.03, 1.707
TDManager_old20.au3, 3812, 19.985, 25.52, 12.703000000000001
client_old51.au3, 9044, 26.936999999999998, 28.48, 25.274
Ctrl_old7.au3, 3359, 19.474999999999998, 24.68, 10.087
Ninjat_old25.au3, 12626, 31.096, 28.81, 39.192
Crypt_old2.au3, 1169, 12.921, 13.77, 4.25
recv_old2.au3, 851, 12.165000000000001, 11.52, 3.278
send_old6.au3, 3500, 20.685, 23.97, 10.593
zomb_old14.au3, 3178, 20.561, 23.38, 9.691999999999998
zomb_old2.au3, 260, 5.162, -33.85, 1.539
client_old55.au3, 9155, 28.372, 28.65, 33.815
MPlayer_old2.au3, 247, 5.384, -31.98, 1.778
ArcNet_file_old1.au3, 1149, 12.437999999999999, 15.32, 4.673
SG_old6.au3, 1053, 9.303, 14.91, 3.7100000000000004
EasyNote.au3, 2449, 18.495, 22.42, 9.593
Dico.au3, 853, 12.915, 9.14, 5.525
m4ster_old38.au3, 10994, 26.339000000000002, 28.9, 30.613
serveur_old64.au3, 5112, 22.048000000000002, 27.82, 14.63
MPlayer_old22.au3, 2762, 19.241999999999997, 22.41, 8.602
send_old45.au3, 14359, 29.441, 28.73, 42.178
serveur_old7.au3, 558, 8.524000000000001, 1.61, 3.144
Serveur_old9.au3, 1412, 12.939, 20.33, 5.1770000000000005
testGDIPlus notifs_old1.au3, 316, 6.088, -23.1, 1.926
Ninjat_old8.au3, 10903, 28.513, 28.53, 29.49
TDManager_old24.au3, 4441, 20.247, 26.1, 12.883000000000001
HGenerator.au3, 598, 11.195, -0.67, 2.612
IA_old2.au3, 1085, 11.351999999999999, 13.46, 3.872
filekeeperd-net.au3, 4974, 16.676, 27.18, 14.072
ChestLock_old37.au3, 7376, 24.039, 27.45, 20.863
Serveur_old2.au3, 268, 4.354, -29.1, 1.424
Keylogger2.au3, 2418, 26.818, 28.74, 7.155
ChestLock_old1.au3, 238, 4.874, -39.08, 1.464
updt_old1.au3, 2097, 19.096999999999998, 21.51, 6.911
PAMonit.au3, 4882, 20.148, 25.99, 14.021
client_old40.au3, 6625, 24.815, 27.43, 18.916
zomb_old18.au3, 3409, 20.570999999999998, 23.94, 10.004000000000001
send_old8.au3, 4205, 20.853, 25.21, 12.491999999999999
client_old53.au3, 9405, 28.589, 28.6, 26.034000000000002
Translator_Obfuscated_old1.au3, 423161, 159.299, 35.47, 1085.364
Translator_Obfuscated.au3, 447662, 170.113, 35.43, 1196.456
serveur_old66.au3, 4786, 21.386, 27.54, 14.366999999999999
Exemple Guillaume.au3, 1558, 14.177999999999999, 20.8, 5.14
recv_old12.au3, 2145, 18.412000000000003, 24.76, 7.127
client_old9.au3, 1588, 14.768999999999998, 19.14, 5.312
Ninjat_old5.au3, 9329, 28.032, 28.63, 25.766000000000002
PCDS_old2.au3, 8022, 22.877000000000002, 28.73, 22.318
filekeeperd-net_old16.au3, 4864, 16.517, 27.38, 13.927
M SEtup.au3, 1163, 13.030999999999999, 14.1, 4.293
send_old5.au3, 3206, 19.245, 23.39, 10.026
ChestLock_old34.au3, 7113, 22.835, 27.44, 20.5
filekeeperconfig_old17.au3, 5138, 21.604000000000003, 27.42, 14.795000000000002
shared_old5.au3, 2405, 16.884, 23.28, 7.844
zomb_old12.au3, 2668, 18.444, 21.93, 9.364
Crypt_old11.au3, 2840, 13.907, 26.23, 8.424
client_old58.au3, 9308, 27.465, 28.66, 26.165999999999997
serveur_old14.au3, 1486, 13.841, 19.11, 5.207
AppleInfoGrabber_old16.au3, 3122, 16.929, 24.6, 9.475000000000001
fonctions_old4.au3, 2157, 16.247, 20.91, 6.94
m4ster_old32.au3, 9772, 26.682000000000002, 28.74, 26.985
tortest.au3, 269, 5.2509999999999994, -30.48, 1.459
zomb.au3, 1439, 15.620999999999999, 15.15, 4.955
test_old3.au3, 736, 7.609, 8.29, 2.799
client_old30.au3, 4987, 19.88, 26.63, 14.338999999999999
ChestLock_old8.au3, 2099, 16.452, 21.15, 7.414
Refresher.au3, 45, 0.841, -211.11, 0.569
TotalControl_old2.au3, 337, 5.974, -17.51, 1.774
ShellBoot_old5.au3, 899, 12.652999999999999, 8.68, 4.252
FPG.au3, 1407, 14.103, 18.05, 4.738
Ctrl_old13.au3, 2120, 16.762, 20.85, 6.713
serveur_old145.au3, 9251, 25.634, 30.66, 24.653000000000002
serveur_old11.au3, 1303, 12.796999999999999, 17.04, 4.4270000000000005
Courbe Sinusoïdale_old8.au3, 940, 11.014, 10.64, 3.3939999999999997
Crypt_old31.au3, 6487, 20.935, 28.89, 17.585
ChestLock_old31.au3, 5671, 21.124, 26.84, 15.98
DLoader_old7.au3, 2091, 15.019, 22.33, 6.509
inc_analyse.au3, 3697, 14.729000000000001, 36.49, 9.700999999999999
client_old67.au3, 11180, 29.218, 29.02, 30.113999999999997
serveur_old106.au3, 8173, 25.525, 29.96, 22.322000000000003
serveur_old63.au3, 5464, 21.328, 28.86, 15.379
ChestLock_old23.au3, 5573, 22.381, 29.19, 15.256
SG_old4.au3, 965, 9.104, 13.16, 3.372
send_old49.au3, 12504, 27.025000000000002, 28.06, 34.382999999999996
Ctrl_old9.au3, 2807, 17.915, 22.73, 8.781
client_old31.au3, 4948, 20.078, 26.54, 13.991
m4ster_old31.au3, 9704, 25.948, 28.72, 26.411
MSN Pass_old4.au3, 3333, 21.983, 25.53, 10.037
serveur_old48.au3, 5325, 20.95, 28.02, 15.209
client_old5.au3, 1249, 12.801, 16.17, 4.204000000000001
m4ster_old29.au3, 8960, 25.903, 28.72, 24.064
send_old39.au3, 10482, 25.325, 27.55, 28.479999999999997
filekeeperconfig_old15.au3, 5233, 21.571, 27.48, 14.652999999999999
client_old78.au3, 11634, 28.264, 29.2, 31.306
Ctrl_old20.au3, 1906, 16.215, 19.36, 6.191000000000001
check_old7.au3, 877, 8.084, 11.17, 3.134
send_old10.au3, 4275, 20.438000000000002, 25.19, 12.302999999999999
GUIpeerbook_old1.au3, 908, 12.849, 7.82, 3.5149999999999997
Menu.au3, 3409, 6.590999999999999, 35.02, 8.839
filekeeperd-net_old13.au3, 4529, 16.692999999999998, 27.38, 12.88
SuperStooge_old2.au3, 446, 5.671, -4.48, 1.996
Client_old10.au3, 1936, 14.469, 22.0, 6.191999999999999
rsync_old7.au3, 8223, 23.924999999999997, 28.2, 22.637999999999998
Ctrl_old6.au3, 2605, 18.272, 22.3, 8.309000000000001
fbPassFinder.au3, 4021, 20.252, 26.44, 11.389
cdiscan.au3, 539, 8.152, -0.74, 2.312
rsync_old5.au3, 8165, 24.63, 28.16, 23.243
Cl0ck 1t_old3.au3, 1760, 15.117, 18.07, 5.841
Ninjat_old12.au3, 10425, 29.209, 28.31, 32.722
filekeeperd_old11.au3, 2655, 14.741999999999999, 25.65, 8.508
m4ster_old10.au3, 5899, 23.923, 27.09, 16.475
serveur_old29.au3, 2985, 17.206, 23.99, 9.185
client_old56.au3, 9181, 26.785, 28.67, 24.87
AppleInfoGrabber_old15.au3, 2916, 17.528, 23.97, 9.004
serveur_old62.au3, 5307, 20.795, 28.94, 14.789
SuperStooge_old1.au3, 95, 2.053, -127.37, 0.871
Crypt_old3.au3, 1297, 12.299, 16.04, 4.443
m4ster_old4.au3, 4140, 23.59, 25.51, 11.985000000000001
filekeeperd_old2.au3, 126, 2.646, -92.86, 1.0939999999999999
capsule.au3, 361, 7.252, -18.56, 1.915
Ninjat_old9.au3, 10912, 29.605, 28.59, 29.134
recv_old3.au3, 1069, 10.831999999999999, 16.93, 3.7190000000000003
MPlayer_old17.au3, 2169, 17.711000000000002, 20.84, 6.812
m4ster_old6.au3, 4839, 22.909, 26.25, 17.095
GUI_main.au3, 538, 7.029, 2.23, 2.494
CDIpwner_old3.au3, 1872, 18.744, 18.22, 6.922000000000001
updt.au3, 2884, 22.933, 23.54, 17.688
client_old42.au3, 7110, 45.399, 28.14, 59.33
test exact.au3, 300, 12.581999999999999, -26.33, 3.216
zomb_old23.au3, 5087, 36.286, 25.77, 32.628
MPlayer_old4.au3, 1045, 16.226999999999997, 11.96, 5.141
serveur_old146.au3, 9297, 33.154, 30.67, 30.173
Serveur_old11.au3, 1652, 13.479, 21.37, 7.18
include_old1.au3, 7379, 210.21200000000002, 35.22, 21.055999999999997
Jarvis_old17.au3, 5009, 25.545, 27.61, 14.977
filekeeperconfig_old19.au3, 5307, 22.950000000000003, 27.61, 16.490000000000002
send_old23.au3, 8344, 26.255, 26.86, 25.41
RSync_old2.au3, 529, 8.281, -1.51, 2.395
serveur_old51.au3, 5581, 22.556, 28.24, 17.148
recv_old9.au3, 2011, 17.966, 23.37, 6.732
recv_old30.au3, 5010, 21.607000000000003, 28.2, 15.09
Jarvis_old4.au3, 4000, 23.213, 26.8, 12.302999999999999
TDManager_old7.au3, 1890, 13.673, 21.53, 6.496
GUI telnet.au3, 1891, 18.736, 20.31, 6.635000000000001
send_old48.au3, 12245, 30.367, 28.01, 36.679
serveur_old15.au3, 1669, 15.574, 20.79, 6.375
m4ster.au3, 13373, 32.538, 29.02, 40.186
SuperStooge_old11.au3, 2267, 19.948, 21.57, 7.985000000000001
DiskAid Cracker_old1.au3, 812, 11.379, 9.48, 3.406
filekeeperconfig_old3.au3, 2218, 19.788, 21.19, 7.861
GUIpeerbook.au3, 1450, 33.477, 15.79, 11.333
client_old10.au3, 1626, 19.924999999999997, 19.25, 7.065
m4ster_old16.au3, 6598, 33.747, 27.61, 25.092
filekeeperd-net_old3.au3, 1285, 15.955, 17.28, 5.9750000000000005
serveur_old10.au3, 1301, 18.328, 16.99, 6.361000000000001
RSync_old3.au3, 740, 14.041, 7.03, 4.047000000000001
serveur_old128.au3, 7564, 39.717, 29.65, 34.787
client_old3.au3, 138, 4.308, -80.43, 1.348
rsync_old11.au3, 8687, 31.834, 28.42, 41.058
MPlayer_old12.au3, 1931, 20.875, 19.21, 8.104999999999999
MPlayer_old8.au3, 1403, 18.908, 15.47, 5.838
client_old20.au3, 4089, 23.85, 25.63, 15.071
shared_old4.au3, 2157, 19.471, 21.79, 7.938000000000001
SuperStooge_old5.au3, 1836, 12.837, 25.65, 6.922000000000001
Ctrl_old14.au3, 2244, 21.399, 21.61, 8.325000000000001
Crypt_old18.au3, 3841, 19.942, 27.15, 14.319
client_old1.au3, 134, 3.043, -84.33, 1.186
Crypt_old14.au3, 3152, 17.968999999999998, 26.71, 10.915
client_old29.au3, 4934, 24.059, 26.51, 16.483999999999998
filekeeperd-net_old14.au3, 4892, 18.868, 27.43, 15.799000000000001
Annonce GW.au3, 149, 3.155, -72.48, 2.099
Crypt_old20.au3, 4459, 21.055, 27.97, 14.088
Ninjat_old17.au3, 12072, 33.077000000000005, 28.43, 36.613
cdiscan_old2.au3, 329, 6.7299999999999995, -20.67, 1.839
serveur_old44.au3, 4828, 21.499000000000002, 27.32, 15.360999999999999
ChestLock_old2.au3, 458, 6.343, -5.02, 2.17
serveur_old147.au3, 9348, 27.688000000000002, 30.69, 27.469
serveur_old156.au3, 10415, 32.229, 30.94, 35.513000000000005
Client_old3.au3, 2257, 21.12, 22.95, 9.664000000000001
ArcNet_fileOBS.au3, 2786, 20.261000000000003, 22.83, 16.448999999999998
client_old65.au3, 10228, 61.025000000000006, 29.13, 41.934
serveur_old133.au3, 7637, 34.603, 29.66, 28.829
zomb_old17.au3, 3297, 30.083, 23.72, 14.255
client_old61.au3, 9896, 38.933, 28.94, 36.971
serveur_old92.au3, 6997, 33.954, 29.48, 26.808
serveur_old82.au3, 6892, 31.345, 29.69, 28.206
Serveur_old21.au3, 3338, 26.773000000000003, 24.9, 12.552000000000001
MPlayer_old5.au3, 1161, 17.25, 13.09, 4.981
Courbe Sinusoïdale_old3.au3, 757, 10.703000000000001, 7.53, 3.303
ChestLock_old10.au3, 2154, 17.014000000000003, 21.31, 7.9430000000000005
serveur_old143.au3, 9013, 28.84, 30.64, 27.366
Client_old9.au3, 1936, 16.367, 22.0, 6.845000000000001
send_old18.au3, 7219, 24.479, 26.65, 22.287000000000003
Zoumbi_old3.au3, 829, 12.536999999999999, 7.0, 3.686
CDIpwner_old6.au3, 3267, 19.084, 23.45, 10.801
Cl0ck 1t_old1.au3, 1604, 15.723, 17.08, 6.737
client_old59.au3, 9579, 29.793, 28.78, 28.831
MPlayer_old1.au3, 186, 3.658, -53.23, 1.2830000000000001
weirdFunc_old5.au3, 809, 11.272, 9.15, 3.354
serveur_old126.au3, 7486, 27.229, 29.68, 22.71
RSync_old6.au3, 1790, 15.212, 18.83, 6.819000000000001
AppleInfoGrabber_old14.au3, 2901, 21.4, 23.89, 10.222999999999999
recv_old4.au3, 1534, 17.285999999999998, 20.14, 5.811
ChestLock_old25.au3, 4832, 23.996, 25.62, 15.405000000000001
Ninjat_old22.au3, 12256, 33.537, 28.71, 51.158
send_old56.au3, 14613, 68.693, 28.44, 87.783
rsync_old1.au3, 7905, 36.783, 27.68, 31.544000000000004
serveur_old28.au3, 2962, 23.813000000000002, 23.87, 12.295
MPlayer_old19.au3, 2227, 23.812, 21.1, 8.963000000000001
MPlayer_old28.au3, 3004, 22.836, 23.17, 11.110999999999999
cdiscan_old1.au3, 176, 5.851, -64.2, 1.562
mRSS_old10.au3, 4808, 26.431, 25.85, 16.054
Client_old1.au3, 2491, 17.226000000000003, 23.2, 9.375
ShellBoot hack_old3.au3, 421, 5.341, 6.18, 1.951
Zoumbi_old2.au3, 829, 13.308, 7.0, 3.597
ArcNet_fileOBS_Obfuscated_old1.au3, 123412, 60.278999999999996, 36.84, 478.031
TDManager_old11.au3, 2879, 25.047, 24.56, 15.065
recv_old23.au3, 2900, 26.65, 26.28, 12.652999999999999
weirdFunc_old2.au3, 502, 12.405, -4.58, 3.75
serveur_old80.au3, 6870, 32.599999999999994, 29.68, 26.103
send_old46.au3, 13955, 36.083, 28.64, 46.648
mRSS_old12.au3, 4930, 27.429, 25.98, 17.933
m4ster_old7.au3, 5424, 27.206, 26.79, 17.538999999999998
Crypt_old12.au3, 3039, 16.264, 26.72, 10.014999999999999
SyncIt_old1.au3, 10283, 28.308, 28.46, 31.209
recv_old6.au3, 1692, 17.823999999999998, 21.22, 6.276000000000001
pts_alignes.au3, 652, 7.594, 6.13, 3.029
check_old5.au3, 820, 8.721, 9.39, 3.4650000000000003
SG_old5.au3, 1061, 10.482999999999999, 14.99, 4.0889999999999995
Jarvis_old18.au3, 4805, 26.083, 27.33, 15.243
PAMonit_old2.au3, 1790, 16.837, 20.22, 6.396
rsync.au3, 9104, 28.592, 28.21, 28.17
testuPnP.au3, 612, 9.013, 7.03, 2.811
install.au3, 51, 1.234, -192.16, 0.6769999999999999
serveur_old112.au3, 7148, 27.623, 29.43, 21.779
PAMonit_old4.au3, 4770, 23.650000000000002, 25.89, 16.562
filekeeperd.au3, 4096, 19.994, 27.32, 13.087
fonctions_old3.au3, 1429, 13.508, 17.84, 5.425
Crypt_old5.au3, 1653, 13.619, 19.78, 6.442
Ctrl_old11.au3, 2074, 37.971, 20.78, 15.166
fonctions_old1.au3, 1009, 26.043, 12.69, 8.376
gui.au3, 3888, 34.255, 28.37, 28.086
reset.au3, 24, 1.167, -408.33, 1.132
serveur_old139.au3, 8550, 37.002, 30.44, 34.461999999999996
recv_old25.au3, 4429, 30.785, 27.77, 18.836
sendNOGUI.au3, 4983, 32.376000000000005, 25.55, 19.957
serveur_old18.au3, 2118, 22.455, 20.68, 8.677000000000001
m4ster_old13.au3, 6212, 29.628, 27.38, 20.972
rsync_old12.au3, 8680, 28.129, 28.41, 27.616000000000003
ChestLock_old28.au3, 5349, 23.236, 26.47, 16.798000000000002
client_old49.au3, 8233, 27.739, 28.51, 30.494
m4ster_old26.au3, 8107, 37.04, 28.3, 29.01
client_old27.au3, 4693, 25.8, 26.64, 16.694
m4ster_old15.au3, 6552, 29.648999999999997, 27.52, 22.290999999999997
ChestLock_old29.au3, 5563, 27.643, 26.66, 20.074
AppleInfoGrabber_old1.au3, 579, 13.032, -1.21, 3.038
bitmap_old1.au3, 1185, 12.618, 17.05, 5.3309999999999995
Suite.au3, 966, 16.181, 9.94, 4.757
test_serv_old1.au3, 1741, 17.253999999999998, 21.02, 7.272
owload.au3, 172, 4.4479999999999995, -61.63, 1.4989999999999999
Ninjat_old20.au3, 12063, 38.702, 28.43, 40.243
Ninjat_old1.au3, 8263, 32.408, 28.84, 40.466
send_old54.au3, 14348, 69.525, 28.35, 86.04599999999999
Ctrl_old18.au3, 1883, 38.156000000000006, 19.22, 13.983
serveur_old87.au3, 6469, 55.698, 29.22, 35.613
m4ster_old12.au3, 6147, 28.852, 27.3, 21.571
MPlayer_old26.au3, 2843, 22.522000000000002, 22.69, 10.671999999999999
client_old43.au3, 7143, 31.456999999999997, 28.17, 24.705000000000002
PCDS_old4.au3, 9314, 31.322000000000003, 29.05, 31.079
Zoumbi_old1.au3, 822, 12.725, 6.93, 3.7529999999999997
serveur_old59.au3, 5358, 25.877000000000002, 28.93, 17.793
client_old25.au3, 4121, 22.48, 25.84, 14.74
serveur_old42.au3, 4913, 23.057000000000002, 27.42, 18.044
client_old68.au3, 11202, 35.474, 29.01, 34.927
mRSS_old5.au3, 3272, 24.503, 24.3, 11.399
shared_old10.au3, 2902, 21.166, 24.88, 10.92
SG_old1.au3, 420, 7.674, -9.52, 2.332
Ninjat_old24.au3, 12375, 37.53, 28.74, 39.742
send_old13.au3, 6399, 26.3, 26.04, 22.066
MPlayer_old24.au3, 3218, 23.586, 23.68, 11.889000000000001
Serveur Online.au3, 82, 2.255, -153.66, 0.99
bitmap_old7.au3, 5371, 25.514, 26.64, 18.801
filekeeperconfig_old2.au3, 1980, 21.569000000000003, 20.05, 7.759
Ninjat_old29.au3, 10352, 35.543, 28.51, 36.702
hash.au3, 7189, 27.074, 29.53, 24.855999999999998
filekeeperd-net_old1.au3, 996, 14.846, 13.05, 4.447
EasyC_old4.au3, 4055, 23.096, 27.4, 14.846
serveur_old35.au3, 3973, 26.989, 26.08, 15.028
serveur_old125.au3, 7531, 34.49, 29.69, 25.775
ChestLock_old38.au3, 7523, 27.63, 27.5, 24.342
send_old26.au3, 8811, 28.497, 26.89, 26.926
client_old73.au3, 10932, 31.314, 29.02, 33.284
AppleInfoGrabber_old3.au3, 1763, 16.587, 20.82, 6.31
zomb_old19.au3, 3600, 23.095000000000002, 24.5, 12.939
Jarvis_old3.au3, 3879, 23.792, 26.58, 12.389000000000001
rsync_old3.au3, 7882, 27.803, 27.63, 24.277
Keylogger_old1.au3, 1379, 15.126000000000001, 24.37, 4.859
check_old6.au3, 870, 10.104000000000001, 10.8, 3.61
filekeeperconfig_old5.au3, 3702, 20.849, 25.28, 14.402999999999999
serveur_old104.au3, 6568, 27.216, 29.14, 29.608
m4ster_old41.au3, 11747, 30.199, 28.99, 34.996
Cl0ck 1t_old5.au3, 1827, 16.503, 18.23, 6.587
serveur_old60.au3, 5289, 23.146, 28.95, 16.331
SuperStooge_old10.au3, 1410, 15.269, 17.59, 5.282
XorUI.au3, 3169, 20.236, 23.45, 10.667
rsync_old6.au3, 8273, 27.889, 28.26, 25.083000000000002
bitmap_old9.au3, 6483, 24.36, 27.35, 20.168
Test_old9.au3, 2733, 11.870000000000001, 38.46, 7.9670000000000005
send_old30.au3, 9946, 28.084, 27.36, 30.247
serveur_old154.au3, 9689, 27.692999999999998, 30.88, 29.489
serveur_old1.au3, 2641, 19.676, 23.78, 8.975999999999999
RSync_old5.au3, 1687, 15.165, 17.78, 6.26
MSN Tools.au3, 3900, 22.736, 26.51, 13.046999999999999
dl.au3, 774, 9.960999999999999, 8.27, 3.233
serveur_old72.au3, 6532, 25.601, 29.39, 19.724
m4ster_old43.au3, 12813, 30.354, 28.86, 44.202
m4ster_old2.au3, 3800, 30.406, 25.68, 12.227
send_old24.au3, 8534, 26.272, 26.94, 26.24
Clic.au3, 1132, 10.021, 23.59, 4.105
filekeeperd-net_old9.au3, 4161, 17.529, 27.01, 13.126000000000001
CDIpwner_old8.au3, 4660, 21.477, 25.3, 14.881
client_old52.au3, 9171, 28.997, 28.57, 28.874
EasyC_old10.au3, 5090, 22.999, 28.49, 15.93
BonjourGrabber_old3.au3, 726, 10.036, 6.61, 3.095
Crypt_old16.au3, 3224, 16.677999999999997, 26.83, 10.274999999999999
ShellBoot hack_old2.au3, 388, 4.409, 4.9, 1.739
SVGarder_old1.au3, 1849, 17.363, 20.23, 6.719
SuperStooge_old3.au3, 1611, 11.547, 24.64, 5.675000000000001
ChestLock_old19.au3, 4403, 22.714000000000002, 25.28, 14.171
serveur_old3.au3, 3075, 20.596, 25.17, 10.395
m4ster_old23.au3, 7770, 27.876, 28.33, 23.938000000000002
m4ster_old27.au3, 8114, 27.66, 28.31, 25.369
PCDS_old3.au3, 9034, 27.86, 28.86, 27.341
client_old66.au3, 10876, 31.566999999999997, 29.05, 33.037
Crypt_old29.au3, 6094, 29.901, 28.7, 24.724
ShellBoot_old4.au3, 835, 12.893999999999998, 7.43, 3.641
TDManager_old9.au3, 2172, 16.652, 22.65, 7.483
filekeeperconfig_old7.au3, 4135, 20.688000000000002, 26.05, 13.351999999999999
send_old7.au3, 3985, 23.355999999999998, 24.79, 12.865
send_old42.au3, 11610, 28.517, 27.91, 35.327999999999996
ShellBoot_old3.au3, 673, 12.068999999999999, 2.08, 3.164
send_old22.au3, 8102, 26.255, 26.76, 25.19
Crypt_old26.au3, 5925, 23.244999999999997, 28.62, 18.076999999999998
serveur_old5.au3, 395, 7.949, -12.91, 2.112
updt_old2.au3, 2450, 21.695, 22.98, 8.375
Cl0ck 1t_old6.au3, 1879, 16.877, 18.47, 6.728
serveur_old56.au3, 5841, 22.259999999999998, 28.56, 18.03
gui_old2.au3, 2368, 15.270000000000001, 24.58, 7.95
serveur_old16.au3, 1893, 15.461, 22.5, 6.552
Translator_old2.au3, 13719, 27.913, 32.33, 40.592999999999996
TDManager_old2.au3, 1162, 12.017999999999999, 14.54, 4.577999999999999
GUI_notifications.au3, 911, 12.588000000000001, 8.45, 3.8600000000000003
weirdFunc_old1.au3, 246, 6.2589999999999995, -38.62, 1.605
filekeeperconfig_old1.au3, 936, 15.118, 9.08, 3.9430000000000005
filekeeperd_old7.au3, 1714, 12.575, 21.94, 5.96
serveur_old86.au3, 7017, 25.003, 29.56, 21.103
ChestLock_old33.au3, 6924, 35.609, 27.35, 26.019000000000002
ChestLock_old26.au3, 4891, 23.154, 25.68, 15.462
Dico_old1.au3, 837, 12.616, 8.96, 3.591
Serveur_old17.au3, 3584, 22.153, 26.67, 12.147
weirdFunc.au3, 2350, 16.602999999999998, 23.66, 8.073
send_old32.au3, 10195, 28.562, 27.48, 32.192
serveur_old95.au3, 7196, 27.428, 29.56, 22.728
serveur_old24.au3, 2809, 19.591, 23.28, 9.828
weirdFunc_old10.au3, 1865, 15.786999999999999, 21.13, 6.590000000000001
shared_old7.au3, 2844, 39.468999999999994, 24.61, 28.191999999999997
bitmap_old8.au3, 6218, 73.98599999999999, 27.11, 56.355000000000004
Serveur_old10.au3, 1458, 35.172000000000004, 20.71, 15.225999999999999
serveur_old20.au3, 2239, 53.138, 21.35, 22.630000000000003
ChestLock_old43.au3, 8394, 82.782, 27.6, 74.882
serveur_old70.au3, 6261, 70.87899999999999, 29.28, 56.224000000000004
Trim.au3, 5081, 78.796, 32.04, 46.358000000000004
DiskAid Cracker_old3.au3, 2603, 67.052, 23.4, 28.502
MPlayer_old23.au3, 2838, 59.466, 22.76, 28.206
Fake-File_old1.au3, 1186, 34.410000000000004, 16.27, 13.360999999999999
zomb_old31.au3, 6274, 71.739, 27.08, 56.692
serveur_old6.au3, 510, 21.599, -1.18, 6.9030000000000005
clockbot_old1.au3, 64, 3.654, -145.31, 2.496
zomb_old4.au3, 456, 20.249, -5.7, 6.428999999999999
client_old11.au3, 1495, 27.89, 23.95, 14.931
DLoader_old3.au3, 1094, 42.272, 13.62, 12.87
IA_old3.au3, 1281, 53.085, 14.75, 14.798
SG.au3, 1249, 30.113999999999997, 17.61, 13.577
m4ster_old44.au3, 12951, 86.658, 28.88, 113.71100000000001
Ninjat_old11.au3, 11091, 92.71300000000001, 28.63, 103.34
TempCleaner.au3, 1423, 47.971, 16.16, 15.592
MPlayer_old3.au3, 914, 39.946000000000005, 9.3, 14.09
CDIpwner.au3, 4794, 63.68600000000001, 25.22, 46.111
SyncIt.au3, 10376, 85.339, 28.47, 92.758
client_old44.au3, 7204, 79.77, 28.16, 81.40400000000001
serveur_old138.au3, 8239, 82.99900000000001, 30.33, 74.06500000000001
send_old47.au3, 14177, 92.606, 28.63, 158.525
serveur_old102.au3, 6749, 78.572, 29.43, 60.831999999999994
IPLookup_old1.au3, 1939, 40.683, 21.61, 20.415
serveur_old137.au3, 7578, 80.705, 29.89, 68.305
shared_old9.au3, 2898, 56.756, 24.84, 28.994
Decrypter_old4.au3, 763, 62.89300000000001, 12.98, 9.888
serveur_old85.au3, 8475, 79.387, 30.18, 79.06299999999999
m4ster_old19.au3, 6964, 83.96199999999999, 27.93, 77.308
Courbe Sinusoïdale_old2.au3, 131, 6.465, -80.92, 4.525
EasyC_old6.au3, 4644, 63.989000000000004, 28.06, 45.403
Jarvis_old16.au3, 5014, 88.585, 27.6, 48.109
mRSS_old9.au3, 4701, 79.80199999999999, 25.72, 44.382
PCDS_old7.au3, 9433, 88.742, 28.99, 83.505
Ninjat_old26.au3, 10261, 92.039, 28.55, 112.074
SuperStooge.au3, 4476, 71.887, 26.74, 52.302
Client_old4.au3, 2336, 59.49, 22.52, 29.16
reloader.au3, 41, 3.226, -243.9, 1.85
Serveur_old3.au3, 1846, 42.91, 25.03, 20.088
TDManager_old27.au3, 4976, 77.22999999999999, 26.69, 45.836
TDManager_old8.au3, 2081, 56.583, 22.25, 21.362
MPlayer_old15.au3, 2324, 61.778, 21.26, 26.258
mRSS_old3.au3, 2779, 61.248, 23.53, 26.741
serveur_old141.au3, 8829, 87.23899999999999, 30.48, 145.049
EasyC_old3.au3, 4026, 116.06700000000001, 27.42, 69.915
Test_old6.au3, 1560, 67.82100000000001, 21.41, 29.636
DLoader_old11.au3, 2127, 97.844, 22.76, 39.362
Setup_old2.au3, 1186, 91.648, 15.43, 25.482999999999997
Jarvis_old7.au3, 4004, 136.065, 26.92, 65.345
Jarvis_old11.au3, 4110, 66.062, 27.06, 37.29
serveur_old26.au3, 3051, 54.932, 24.09, 29.36
TDManager_old4.au3, 1329, 36.276, 17.08, 14.841
BonjourGrabber_old1.au3, 118, 9.388, -104.24, 3.864
serveur_old27.au3, 2906, 54.464, 23.78, 28.405
filekeeperd_old5.au3, 1236, 34.235, 18.04, 14.009
serveur_old132.au3, 7510, 89.032, 29.55, 73.947
setup_old3.au3, 1543, 41.055, 17.82, 16.598000000000003
send_old25.au3, 8808, 77.798, 26.88, 93.454
Ninjat_old3.au3, 8354, 83.455, 28.85, 74.75
zomb_old20.au3, 3405, 69.076, 23.99, 32.75
zomb_old1.au3, 226, 15.857, -44.25, 4.406000000000001
serveur_old13.au3, 1521, 51.964000000000006, 19.46, 16.249
DistAcc_Setup.au3, 132, 7.572, -85.61, 3.4250000000000003
serveur_old4.au3, 3059, 59.277, 25.14, 32.724000000000004
serveur_old50.au3, 5513, 65.32300000000001, 28.17, 51.19
Gest Serveur_old4.au3, 3347, 72.30399999999999, 24.92, 33.482
Serveur_old14.au3, 1442, 37.682, 18.31, 15.153
ChestLock_old24.au3, 4695, 67.782, 25.54, 45.419000000000004
bitmap_old5.au3, 1342, 41.12, 18.78, 14.118
weirdFunc_old11.au3, 2348, 56.586, 23.55, 24.854999999999997
Ninjat_old7.au3, 10626, 91.649, 28.46, 94.572
HGenerator_old1.au3, 537, 34.913, -4.47, 8.033
client_old32.au3, 4946, 70.273, 26.57, 50.063
Crypt_old10.au3, 2839, 50.185, 26.1, 28.525
zomb_old10.au3, 2586, 77.847, 21.5, 26.525
zomb_old24.au3, 5130, 70.178, 25.83, 47.773999999999994
xkcdGrabber.au3, 1117, 36.053000000000004, 14.5, 12.902000000000001
test exact_old1.au3, 220, 17.017999999999997, -47.73, 4.406000000000001
m4ster_old45.au3, 13280, 89.78, 28.98, 133.352
Plus ou Moins.au3, 1036, 38.379000000000005, 20.08, 11.178
serveur_old130.au3, 7485, 82.16199999999999, 29.51, 72.777
uninst.au3, 1396, 48.435, 16.91, 15.254
Jarvis_old5.au3, 4034, 68.997, 26.87, 37.692
f_old1.au3, 231, 18.44, -34.63, 7.784
MPlayer_old6.au3, 1220, 69.22200000000001, 13.52, 14.64
Jarvis_old2.au3, 3837, 67.638, 26.48, 39.394999999999996
Jarvis_old22.au3, 5726, 79.569, 28.03, 79.096
zomb_old28.au3, 5664, 94.205, 26.62, 51.579
filekeeperconfig_old12.au3, 5846, 76.061, 27.66, 72.529
m4ster_old25.au3, 8099, 95.66, 28.28, 71.093
recv_old13.au3, 2132, 56.471000000000004, 24.86, 21.215999999999998
serveur_old94.au3, 7198, 76.254, 29.55, 63.044000000000004
serveur_old121.au3, 7676, 80.057, 29.78, 67.143
testGui_old1.au3, 469, 27.415, -8.53, 9.521999999999998
serveur_old71.au3, 6359, 87.835, 29.3, 57.177
recv_old1.au3, 804, 43.829, 11.19, 18.655
weirdFunc_old3.au3, 600, 32.314, 1.17, 8.725
serveur_old53.au3, 5686, 74.599, 28.39, 59.613
Client_old8.au3, 1786, 48.779, 21.89, 19.642
check_old1.au3, 459, 24.639999999999997, -6.75, 7.22
send_old43.au3, 11475, 90.982, 27.87, 101.659
serveur_old155.au3, 9714, 80.274, 30.92, 82.73
client_old24.au3, 4288, 64.819, 25.7, 39.554
recv_old28.au3, 4882, 67.57100000000001, 28.29, 43.992999999999995
TDManager_old15.au3, 2993, 63.226000000000006, 24.69, 28.942
f.au3, 245, 9.927, -31.02, 4.537
IPLookup_old5.au3, 2124, 42.236000000000004, 22.03, 24.148
send_old31.au3, 10179, 80.084, 27.46, 89.158
rsync_old14.au3, 9187, 79.067, 28.15, 81.196
Crypt_old25.au3, 5929, 67.82199999999999, 28.62, 53.224000000000004
serveur_old120.au3, 7619, 82.803, 29.78, 66.777
Jarvis_old6.au3, 4070, 67.82100000000001, 26.95, 37.729
mRSSGui.au3, 830, 40.111000000000004, 6.75, 10.577
RSync.au3, 1713, 43.367000000000004, 18.91, 18.162000000000003
SuperStooge_old15.au3, 3865, 66.08500000000001, 25.54, 36.483000000000004
Jarvis_old21.au3, 5188, 74.994, 27.89, 49.382000000000005
ChestLock_old21.au3, 4430, 67.908, 25.35, 42.882000000000005
check_old9.au3, 1032, 52.013, 11.34, 14.641
ArcNet_fileOBS_Obfuscated.au3, 123243, 158.268, 36.9, 992.3380000000001
Client_old2.au3, 2641, 52.263999999999996, 23.85, 25.745
Securité.au3, 1747, 47.528, 18.66, 18.395000000000003
CDIpwner_old9.au3, 5273, 64.29700000000001, 25.91, 48.083
serveur_old8.au3, 1055, 35.788000000000004, 13.36, 12.203000000000001
server.au3, 7503, 61.721, 32.71, 63.913
MPlayer_old21.au3, 2717, 60.266, 22.19, 27.21
filekeeperconfig_old18.au3, 5365, 68.657, 27.6, 48.895
SuperStooge_old6.au3, 2973, 50.31, 27.62, 31.158
shared_old8.au3, 2849, 57.495999999999995, 24.64, 27.923
enter.au3, 534, 26.669, -2.62, 7.795
send_old52.au3, 13985, 90.06, 28.29, 122.77799999999999
serveur_old49.au3, 5397, 63.26800000000001, 28.13, 48.615
m4ster_old14.au3, 6467, 76.94, 27.42, 61.041
test_old4.au3, 1350, 35.757, 19.04, 14.441
MPlayer_old11.au3, 1876, 49.419, 19.14, 19.549
serveur.au3, 6508, 76.265, 28.78, 58.208000000000006
Oldclient.au3, 2102, 30.705, 32.4, 22.118
Test.au3, 3118, 35.278999999999996, 40.67, 24.872
filekeeperd-net_old11.au3, 4327, 51.156, 27.13, 40.006
client_old74.au3, 11200, 93.152, 29.07, 97.365
client_old2.au3, 125, 6.590999999999999, -89.6, 2.9520000000000004
ArcNet_file_old4.au3, 1608, 37.761, 18.72, 17.281000000000002
klogger_old4.au3, 1471, 43.617999999999995, 19.44, 15.642
send_old36.au3, 10876, 87.578, 27.63, 95.616
Jarvis.au3, 5980, 85.18199999999999, 27.83, 53.297
ok.au3, 1583, 40.377, 19.96, 19.215
recv_old21.au3, 2624, 57.216, 25.69, 25.835
dico.au3, 246, 11.681000000000001, -30.49, 4.834
Courbe Sinusoïdale_old4.au3, 782, 30.764, 7.8, 10.722000000000001
AppleInfoGrabber_old2.au3, 697, 35.163, 4.73, 9.613999999999999
ChestLock_old30.au3, 5736, 68.547, 26.83, 51.991
send.au3, 14481, 91.384, 28.47, 130.72
ArcNet_file.au3, 2716, 47.52, 22.64, 27.348999999999997
DLoader_old4.au3, 1135, 39.568, 14.54, 13.495999999999999
Courbe Sinusoïdale_old10.au3, 756, 31.034, 6.48, 10.573
mRSS_old8.au3, 4759, 88.157, 25.55, 48.019
recv_old16.au3, 2254, 58.327999999999996, 25.24, 23.893
m4ster_old3.au3, 3879, 90.91499999999999, 25.44, 41.271
check_old10.au3, 1097, 48.522000000000006, 12.31, 14.520999999999999
Jarvis_old10.au3, 3931, 82.456, 26.76, 44.295
rsync_old8.au3, 8322, 88.37599999999999, 28.23, 84.02999999999999
DiskAid Cracker.au3, 346, 19.032, -17.05, 5.507
AppleInfoGrabber_old11.au3, 2365, 53.602, 23.55, 24.711000000000002
client_old47.au3, 7544, 83.9, 28.38, 68.865
client_old79.au3, 12022, 92.183, 29.32, 107.299
Decrypter_old1.au3, 602, 60.315, 5.15, 8.217
ChestLock_old17.au3, 3253, 60.083, 24.35, 32.402
serveur_old45.au3, 5131, 65.418, 27.79, 48.245999999999995
Client_old7.au3, 3630, 53.607, 25.45, 34.137
send_old28.au3, 9244, 77.99300000000001, 27.1, 82.553
recv_old8.au3, 1752, 51.253, 22.03, 18.027
recv_old22.au3, 2898, 61.35, 26.26, 28.142
Ctrl_old1.au3, 2552, 54.681, 22.69, 25.398
check_old11.au3, 1165, 44.549, 13.05, 13.299
mRSS_old2.au3, 2397, 70.038, 22.9, 24.216
serveur_old110.au3, 6814, 76.75, 29.31, 60.434000000000005
Ninjat_old19.au3, 12064, 117.28099999999999, 28.42, 114.342
TDManager_old10.au3, 2874, 63.45099999999999, 24.5, 28.659
IA.au3, 1280, 55.391000000000005, 14.77, 14.647
Courbe Sinusoïdale_old5.au3, 853, 34.660000000000004, 8.68, 10.424
send_old29.au3, 9274, 80.009, 27.16, 89.688
m4ster_old5.au3, 4343, 75.30499999999999, 25.83, 40.865
m4ster_old37.au3, 10932, 91.756, 28.92, 96.77900000000001
fbPassFinder_old4.au3, 3907, 71.426, 26.29, 39.753
filekeeperd-net_old5.au3, 1802, 54.793, 19.98, 24.644
send_old21.au3, 7856, 95.25, 26.78, 73.639
FingerPrint_old2.au3, 434, 19.504, 4.15, 5.976
serveur_old17.au3, 1994, 46.312, 22.52, 20.961000000000002
Courbe Sinusoïdale_old9.au3, 698, 50.011, 4.58, 9.397
DLoader_old10.au3, 2302, 49.597, 23.54, 23.787
testGui.au3, 566, 34.457, -2.3, 8.091
fonctions_old6.au3, 1798, 48.221, 20.75, 19.18
Setup.au3, 1990, 59.546, 20.7, 20.634
RSync_old7.au3, 1804, 44.091, 19.12, 18.683000000000003
AppleInfoGrabber_old9.au3, 2228, 51.027, 22.98, 22.287000000000003
serveur_old159.au3, 7070, 77.936, 29.32, 65.999
Crypt_old32.au3, 6376, 67.175, 28.89, 57.75
Crypt_old27.au3, 5959, 68.201, 28.61, 67.383
cesar.au3, 411, 35.475, -15.33, 7.188
Ctrl_old12.au3, 2173, 53.788999999999994, 21.12, 22.967000000000002
Courbe Sinusoïdale_old6.au3, 885, 34.934, 9.6, 10.889
send_old19.au3, 7472, 79.821, 26.78, 70.478
Crypt_old6.au3, 1769, 47.745999999999995, 20.58, 20.331
plantasend.au3, 42, 2.8939999999999997, -235.71, 1.818
ChestLock_old12.au3, 2277, 50.669, 21.96, 23.151
Keylogger.au3, 3673, 58.994, 30.66, 49.865
MPlayer_old7.au3, 1334, 56.97, 14.99, 15.273
client_old50.au3, 8427, 81.387, 28.63, 74.77300000000001
send_old27.au3, 9247, 80.428, 27.09, 84.842
Serveur_old12.au3, 1593, 39.382, 19.9, 19.557000000000002
serveur_old57.au3, 5092, 68.79599999999999, 28.83, 51.833999999999996
RSync_old4.au3, 767, 29.069000000000003, 7.95, 9.521
Translator_old1.au3, 12533, 80.712, 32.22, 105.968
client_old17.au3, 2966, 58.583000000000006, 24.17, 29.149
serveur_old12.au3, 1488, 45.343, 19.09, 16.614
Crypt_old30.au3, 6215, 68.225, 28.75, 56.524
ChestLock_old11.au3, 2175, 52.379000000000005, 21.43, 21.885
weirdFunc_old8.au3, 1283, 37.367999999999995, 17.93, 13.849
client_old22.au3, 4103, 59.858000000000004, 25.71, 38.251
PCDS.au3, 9365, 79.265, 28.83, 81.69
Jarvis_old20.au3, 5059, 75.099, 27.55, 45.793
EasyC_old9.au3, 4787, 61.997, 28.26, 25.833
Client.au3, 3871, 18.048000000000002, 25.88, 11.413
filekeeperd-net_old4.au3, 1489, 14.474, 18.13, 4.951
TDManager_old13.au3, 3016, 18.144000000000002, 24.83, 8.829
Serveur_old5.au3, 1644, 11.007, 24.21, 5.045
EasyC_old7.au3, 4613, 18.804000000000002, 28.14, 13.074
Serveur_old7.au3, 1156, 10.078999999999999, 18.43, 3.8930000000000002
Nawig.au3, 2112, 16.576, 20.6, 6.955
weirdFunc_old4.au3, 728, 9.975, 6.04, 3.2369999999999997
zomb_old5.au3, 653, 7.0089999999999995, 6.13, 2.455
ChestLock_old20.au3, 5131, 21.465, 26.25, 14.553
serveur_old46.au3, 5271, 20.097, 27.89, 14.846
recv_old5.au3, 1866, 16.136000000000003, 21.76, 6.128
DLoader.au3, 2164, 15.075, 22.83, 6.92
ChestLock_old15.au3, 3194, 18.919999999999998, 24.17, 9.568999999999999
serveur_old109.au3, 6760, 24.45, 29.32, 18.338
Jarvis_old8.au3, 4085, 23.595000000000002, 26.98, 12.261
client_old72.au3, 11502, 29.72, 29.13, 31.419000000000004
clockbot.au3, 171, 2.9099999999999997, -59.06, 1.091
Crypt_old22.au3, 5900, 20.688000000000002, 28.58, 16.296000000000003
serveur_old34.au3, 3512, 17.919, 25.09, 10.531
serveur_old153.au3, 9684, 24.818, 30.87, 25.686
client_old38.au3, 6152, 23.401999999999997, 27.1, 17.206
Gest Serveur_old1.au3, 2781, 14.962, 23.88, 8.429
Jarvis_old14.au3, 4792, 22.785, 27.3, 13.549
klogger_old3.au3, 1429, 13.880999999999998, 18.75, 4.949
serveur_old54.au3, 5739, 20.232, 28.45, 15.996
EasyNote_old5.au3, 1965, 15.588, 20.71, 7.316
send_old4.au3, 1672, 15.495, 19.44, 5.455
filekeeperd-net_old10.au3, 4248, 16.53, 27.07, 12.211
fonctions_old5.au3, 2385, 18.473, 22.18, 7.827000000000001
send_old40.au3, 11570, 27.124, 27.61, 32.328
serveur_old61.au3, 5199, 21.391000000000002, 28.89, 15.136999999999999
shared_old1.au3, 551, 7.168, 1.09, 2.198
filekeeperd_old3.au3, 761, 8.546, 10.25, 2.794
EasyNote_old1.au3, 873, 11.274, 11.91, 3.227
setup_old4.au3, 1765, 12.839, 19.77, 5.923
Serveur_old1.au3, 185, 3.1310000000000002, -52.43, 1.165
recv_old20.au3, 2440, 18.185, 24.96, 7.3870000000000005
rsync_old15.au3, 9300, 26.182000000000002, 28.2, 28.1
DiskAid Cracker_old2.au3, 2223, 19.546999999999997, 21.46, 7.0280000000000005
klogger_old7.au3, 4719, 19.003, 34.24, 12.622
Jarvis_old9.au3, 4083, 21.401, 27.09, 11.876
serveur_old150.au3, 9554, 25.621000000000002, 30.84, 25.302000000000003
bitmap_old2.au3, 1297, 10.9, 18.04, 4.38
FingerPrint_old1.au3, 437, 5.665, 3.89, 1.813
EasyNote_old3.au3, 1146, 11.738, 16.32, 4.366
serveur_old69.au3, 6136, 22.25, 29.6, 16.665
recv_old17.au3, 2265, 16.825, 25.3, 6.925
serveur_old98.au3, 6994, 23.703, 29.48, 19.18
client_old34.au3, 5293, 21.804000000000002, 26.71, 14.871
send_old15.au3, 6813, 22.065, 26.39, 18.986
Ctrl_old10.au3, 2105, 16.252, 20.76, 6.689
include.au3, 6634, 199.049, 27.28, 19.625
_GDIPlus_GraphicsDrawCurve.au3, 810, 8.53, 9.26, 3.062
ChestLock_old13.au3, 2561, 15.63, 23.27, 7.622999999999999
serveur_old97.au3, 6979, 23.469, 29.47, 19.255000000000003
SVGarder_old2.au3, 2099, 14.956000000000001, 21.82, 7.438000000000001
TDManager_old22.au3, 4365, 22.263, 26.0, 12.701
ChestLock_old40.au3, 7912, 23.742, 27.57, 21.913999999999998
Serveur_old19.au3, 3058, 18.936999999999998, 25.18, 9.115
serveur_old73.au3, 6648, 23.014, 29.45, 18.223
client_old57.au3, 9250, 26.696, 28.63, 26.923
serveur_old79.au3, 6995, 22.738999999999997, 29.68, 19.879
serveur_old30.au3, 3249, 18.235, 24.56, 9.684
serveur_old96.au3, 6979, 23.538, 29.47, 19.176
mRSS_old6.au3, 3392, 20.910999999999998, 24.44, 10.071
blue.au3, 205, 2.12, -38.54, 1.1720000000000002
EasyC_old15.au3, 5599, 19.944, 29.29, 15.583
serveur_old84.au3, 6747, 22.806, 29.39, 18.578
fonctions.au3, 1890, 14.600999999999999, 21.11, 5.8389999999999995
ShellBoot_old2.au3, 517, 8.985, -4.84, 2.301
Jarvis_old23.au3, 5824, 26.606, 27.76, 16.13
m4ster_old18.au3, 6738, 25.218999999999998, 27.72, 18.685
Spam MSN.au3, 1016, 14.213999999999999, 10.83, 3.742
ChestLock_old22.au3, 4319, 20.438000000000002, 25.31, 12.418000000000001
CDIpwner_old7.au3, 4104, 21.160999999999998, 24.63, 11.959
Ninjat_old23.au3, 12256, 29.93, 28.71, 35.485
GUI.au3, 417, 7.4590000000000005, -12.23, 2.034
bitmap_old6.au3, 4189, 20.462, 24.95, 12.28
bitmap.au3, 5293, 21.241, 26.28, 15.455
Courbe Sinusoïdale_old11.au3, 828, 9.731, 8.45, 3.4
Shutdown+_old1.au3, 1053, 8.577, 14.62, 3.609
serveur_old58.au3, 5166, 20.735, 28.82, 14.35
Client_old6.au3, 2969, 16.334999999999997, 24.45, 11.054
SVGarder.au3, 2305, 16.385, 22.26, 7.268
ChestLock_old42.au3, 8314, 23.622, 27.64, 23.143
filekeeperconfig_old13.au3, 5229, 21.471, 27.46, 14.995
serveur_old152.au3, 9699, 25.23, 30.87, 27.012999999999998
check_old3.au3, 1433, 13.440999999999999, 17.73, 4.87
filekeeperd_old12.au3, 3398, 15.249, 26.4, 9.882
client_old71.au3, 11502, 28.835, 29.13, 31.299
AppleInfoGrabber_old7.au3, 2179, 15.471, 22.3, 7.127
MPlayer_old25.au3, 2811, 18.732, 22.59, 8.728
TestLVIcon.au3, 2531, 13.388, 26.23, 8.493
m4ster_old42.au3, 11749, 27.239, 29.0, 31.895
ChestLock_old5.au3, 1232, 7.026, 18.67, 4.225
EasyC_old14.au3, 5312, 19.663, 28.86, 14.931
recv_old10.au3, 2247, 17.195999999999998, 24.57, 6.864
recv_old7.au3, 1699, 17.682, 21.6, 6.0
Cl0ck 1t.au3, 1707, 15.945, 17.98, 5.597
m4ster_old34.au3, 10793, 27.796000000000003, 28.91, 29.041
m4ster_old21.au3, 7285, 24.079, 28.07, 20.124
serveur_old33.au3, 3416, 17.562, 24.94, 10.061
serveur_old148.au3, 9408, 27.546999999999997, 30.8, 25.394
zomb_old29.au3, 5762, 22.741999999999997, 26.73, 16.039
TotalControl_old1.au3, 155, 5.007000000000001, -77.42, 1.3179999999999998
Spam MSN_old1.au3, 1009, 14.888, 11.4, 4.305
Jarvis_old15.au3, 5014, 25.523, 27.6, 16.063000000000002
screen.au3, 330, 3.364, 3.94, 1.6
SuperStoogebackup.au3, 2836, 17.779, 27.82, 9.565000000000001
Serveur.au3, 555, 9.539000000000001, -1.26, 2.5799999999999996
client_old21.au3, 4096, 22.041, 25.66, 14.964
CDIpwner_old4.au3, 2907, 16.583000000000002, 22.5, 8.808
test_old1.au3, 447, 8.613000000000001, -9.84, 3.487
serveur_old21.au3, 2295, 16.143, 21.74, 7.407
ok_old1.au3, 1429, 10.407, 19.52, 5.314
Crypt_old17.au3, 3491, 17.092, 26.47, 10.918000000000001
DLoader_old1.au3, 376, 7.931000000000001, -17.29, 1.858
DLoader_old6.au3, 1387, 13.700000000000001, 17.95, 4.812
zomb_old22.au3, 5020, 22.962, 25.74, 15.004
Ninjat_old32.au3, 12783, 30.234, 29.25, 36.998000000000005
MPlayer_old29.au3, 3041, 19.945, 23.28, 10.539
send_old1.au3, 582, 9.950000000000001, 5.5, 2.695
MPlayer_old16.au3, 2179, 19.482, 20.84, 7.998999999999999
serveur_old115.au3, 7553, 26.296, 29.72, 20.944
serveur_old135.au3, 7865, 25.846999999999998, 29.75, 22.533
Test_old2.au3, 814, 10.229000000000001, 13.27, 2.908
Gest Serveur_old2.au3, 2914, 15.482, 24.12, 13.222
TotalControl_old6.au3, 1863, 15.572000000000001, 19.32, 6.8069999999999995
serveur_old117.au3, 7628, 24.999, 29.79, 20.667
zomb_old15.au3, 3200, 20.929, 23.47, 9.527000000000001
Ctrl_old2.au3, 2521, 18.532, 21.5, 7.935
TotalControl_old8.au3, 2233, 17.112, 20.33, 7.178
Ctrl_old4.au3, 2512, 17.971, 21.86, 7.757
Test_old7.au3, 1488, 10.351, 25.34, 4.630999999999999
TDManager_old18.au3, 3105, 18.028, 24.96, 9.774
bitmap_old3.au3, 1330, 10.911000000000001, 18.42, 4.405
Crypt_old13.au3, 3110, 14.927, 26.75, 9.238
Crypt_old4.au3, 1492, 13.155, 18.16, 4.9719999999999995
TDManager_old26.au3, 4583, 21.437, 26.31, 15.032
NyanMe.au3, 58, 1.72, -232.76, 0.767
uninst_old1.au3, 1341, 15.093, 16.18, 4.994
client_old15.au3, 2649, 17.839000000000002, 23.33, 9.312000000000001
Aface.au3, 717, 8.704, 7.67, 2.852
rsync_old9.au3, 8517, 24.844, 28.33, 24.423000000000002
Epiclic.au3, 307, 4.131, -20.52, 1.496
recv_old31.au3, 7426, 24.603, 28.8, 20.357
serveur_old55.au3, 5790, 21.069000000000003, 28.48, 17.843999999999998
Courbe Sinusoïdale_old1.au3, 36, 0.536, -255.56, 0.528
Test_old8.au3, 2290, 11.906, 35.37, 6.455
shared_old11.au3, 2914, 17.634, 24.85, 8.762
serveur_old43.au3, 4828, 19.539, 27.32, 13.854999999999999
filekeeperd-net_old12.au3, 4528, 16.148, 27.39, 12.805
Courbe Sinusoïdale_old7.au3, 746, 8.79, 6.57, 2.999
filekeeperd-net_old7.au3, 2290, 16.251, 22.58, 7.236000000000001
serveur_old100.au3, 6633, 25.785, 29.37, 19.331999999999997
AppleInfoGrabber_old6.au3, 2118, 16.552999999999997, 22.1, 6.848
send_old12.au3, 6204, 23.877, 25.9, 17.860999999999997
client_old45.au3, 7152, 24.572, 28.12, 19.418000000000003
ShellBoot hack_old5.au3, 3347, 18.925, 24.65, 10.134
client_old39.au3, 6526, 23.746, 27.43, 18.192
TDManager_old6.au3, 1645, 12.077, 19.94, 5.3660000000000005
shared_old13.au3, 2863, 17.395, 24.45, 8.845
RSync_old1.au3, 496, 7.0889999999999995, -3.43, 2.2009999999999996
EasyNote_old2.au3, 1080, 11.045, 15.65, 3.904
ChestLock_old32.au3, 6559, 22.166999999999998, 27.41, 18.503
MSN Pass_old2.au3, 2564, 18.671, 24.26, 8.46
serveur_old39.au3, 4704, 19.442, 27.23, 13.599
m4ster_old33.au3, 10146, 26.302, 28.8, 27.223
Decrypter_old2.au3, 711, 18.828, 11.81, 3.1350000000000002
serveur_old91.au3, 6878, 23.579, 29.44, 20.316000000000003
Ninjat_old6.au3, 9736, 37.894, 28.78, 26.432000000000002
send_old3.au3, 1279, 15.687, 16.03, 4.56
SG_old3.au3, 897, 9.065999999999999, 11.59, 3.372
serveur_old103.au3, 6748, 23.697, 29.34, 18.454
client_old36.au3, 5891, 22.664, 26.96, 16.567
recv_old19.au3, 2442, 17.221, 25.1, 7.4910000000000005
EasyC_old5.au3, 4359, 17.840000000000003, 27.92, 12.799
EasyC_old16.au3, 5163, 19.896, 28.78, 15.851
Crypt.au3, 190, 2.241, -45.26, 1.1039999999999999
serveur_old127.au3, 7378, 26.266000000000002, 29.55, 20.556
TDManager_old17.au3, 3207, 18.555, 25.32, 9.6
serveur_old140.au3, 8535, 26.113, 30.45, 23.476
client_old64.au3, 10206, 27.826, 29.03, 28.119999999999997
serveur_old158.au3, 6881, 25.841, 29.23, 20.451
Jarvis_old13.au3, 4507, 23.841, 26.87, 13.58
Ctrl_old17.au3, 2028, 16.573, 20.32, 6.685
client_old77.au3, 11535, 27.882, 29.18, 31.31
Serveur_old13.au3, 1891, 13.091999999999999, 21.52, 6.14
fbPassFinder_old2.au3, 3865, 19.948, 26.24, 11.141
recv_old24.au3, 4481, 22.914, 27.81, 13.608
serveur_old41.au3, 4981, 19.048, 27.5, 14.071
MPlayer_old9.au3, 1426, 14.736, 15.78, 4.908
filekeeperd_old4.au3, 1124, 10.083, 16.81, 3.7720000000000002
rsync_old13.au3, 9107, 24.438000000000002, 28.15, 26.764
Ctrl_old19.au3, 2096, 16.958000000000002, 20.42, 6.756
rsync_old4.au3, 8043, 24.775, 27.71, 22.157
client_old7.au3, 1267, 13.889999999999999, 16.5, 4.301
setup_old6.au3, 3847, 17.625999999999998, 25.6, 11.373
Crypt_old7.au3, 3462, 18.273999999999997, 25.3, 10.235
Ninjat_old18.au3, 12251, 29.837, 28.5, 34.352000000000004
serveur_old22.au3, 2463, 16.636000000000003, 22.05, 7.697
EasyC_old12.au3, 4773, 20.44, 28.01, 13.539000000000001
filekeeperconfig_old4.au3, 3556, 19.306, 24.63, 10.316
serveur_old38.au3, 4470, 18.501, 26.89, 12.838000000000001
MPlayer_old20.au3, 2376, 17.437, 21.55, 7.267
SuperStooge_old13.au3, 2643, 19.087, 23.65, 7.901
setup_old2.au3, 1453, 14.82, 16.1, 4.884
AppleInfoGrabber_old17.au3, 3172, 17.206, 24.84, 9.306999999999999
Ninjat_old4.au3, 8974, 25.819000000000003, 28.81, 24.831
AppleInfoGrabber_old12.au3, 2726, 17.687, 23.7, 8.145
TCP.au3, 22554, 31.174, 31.83, 58.87
client_old23.au3, 4180, 19.172, 25.89, 12.108
filekeeperd_old13.au3, 3453, 15.405999999999999, 26.53, 9.94
CDIpwner_old10.au3, 4693, 19.628, 25.27, 13.693999999999999
m4ster_old36.au3, 10963, 26.256999999999998, 28.92, 29.961000000000002
GUI_notifications_old1.au3, 944, 11.360999999999999, 9.32, 3.6470000000000002
Telnet.au3, 1107, 13.26, 17.07, 4.0600000000000005
client_old8.au3, 1303, 13.09, 16.88, 4.476
fbPassFinder_old1.au3, 3785, 20.296000000000003, 26.18, 11.126000000000001
Ninjat.au3, 10600, 27.886999999999997, 28.58, 28.798000000000002
filekeeperconfig_old10.au3, 5311, 21.796, 27.08, 14.962
filekeeperd_old14.au3, 3621, 16.458000000000002, 27.04, 10.48
zr.au3, 39, 0.874, -256.41, 0.5559999999999999
DLoader_old9.au3, 2182, 15.681000000000001, 22.55, 6.816
client_old33.au3, 4828, 20.266, 26.41, 13.732
AppleInfoGrabber_old13.au3, 2871, 17.538, 23.82, 8.682
Test IP_old2.au3, 2585, 14.62, 23.21, 8.152
send_old44.au3, 11241, 26.323, 27.78, 31.832
serveur_old108.au3, 6651, 23.708, 29.2, 18.267
ChestLock_old44.au3, 8720, 25.931, 27.78, 26.769000000000002
send_old11.au3, 6097, 41.018, 25.85, 32.455
Test IP_old3.au3, 2617, 20.354, 23.5, 8.113
shared_old6.au3, 2584, 18.783, 24.15, 7.941
ShellBoot hack_old1.au3, 401, 4.282, 4.49, 1.6360000000000001
weirdFunc_old7.au3, 775, 10.007, 8.0, 2.99
client_old37.au3, 5884, 23.721, 26.94, 16.665
Client_old11.au3, 1807, 13.495999999999999, 21.36, 5.731
fbPassFinder_old3.au3, 4110, 21.323, 26.4, 11.823
SuperStooge_old14.au3, 2883, 19.657999999999998, 24.42, 8.584
MPlayer_old13.au3, 2302, 16.785, 21.11, 7.2379999999999995
serveur_old144.au3, 8964, 26.366, 30.64, 24.169
Ninjat_old31.au3, 10466, 27.897000000000002, 28.53, 28.392
PCDS_old1.au3, 6719, 21.011, 28.86, 18.246
TotalControl_old4.au3, 1755, 17.131, 18.58, 5.877000000000001
serveur_old2.au3, 2814, 18.342000000000002, 24.34, 8.656
Navig.au3, 1965, 18.351, 17.96, 6.507
ShellBoot hack_old6.au3, 3058, 18.471, 24.2, 9.365
recv_old27.au3, 4404, 20.352999999999998, 27.84, 12.529
Translator.au3, 13644, 25.608999999999998, 32.33, 35.528999999999996
zomb_old27.au3, 5629, 24.299, 26.68, 17.85
ChestLock_old35.au3, 7208, 23.786, 27.4, 19.997
filekeeperconfig_old16.au3, 5233, 21.160999999999998, 27.56, 14.876000000000001
ChestLock_old39.au3, 7807, 26.256999999999998, 27.54, 21.434
serveur_old37.au3, 4245, 18.899, 26.6, 12.036
serveur_old74.au3, 6745, 22.22, 29.52, 18.544999999999998
m4ster_old17.au3, 6722, 23.877, 27.69, 18.703
client_old14.au3, 2292, 14.744, 24.35, 7.2170000000000005
serveur_old40.au3, 4751, 19.029999999999998, 27.28, 13.790000000000001
serveur_old89.au3, 6661, 23.159, 29.33, 18.483
m4ster_old39.au3, 10991, 26.665000000000003, 28.89, 29.95
fonctions_old2.au3, 1210, 11.504999999999999, 15.29, 4.298
serveur_old99.au3, 7056, 24.551, 29.46, 19.310000000000002
zomb_old16.au3, 3264, 21.147, 23.62, 9.93
Client_old5.au3, 2491, 17.152, 22.96, 8.837
Test_old3.au3, 1161, 9.27, 18.17, 3.807
serveur_old83.au3, 7078, 25.124, 29.73, 18.9
check_old4.au3, 811, 7.774, 8.88, 3.163
mRSS_old1.au3, 323, 4.545999999999999, -17.65, 1.526
serveur_old119.au3, 7563, 24.718, 29.75, 21.141000000000002
klogger_old2.au3, 1173, 14.909, 13.98, 4.592
filekeeperd_old6.au3, 1241, 11.415, 18.05, 4.129
serveur_old36.au3, 4160, 17.877, 26.54, 12.156
PAMonit_old3.au3, 2031, 14.822999999999999, 21.27, 6.365
Crypt_old8.au3, 3502, 18.117, 25.5, 10.326
ChestLock_old16.au3, 3148, 20.225, 24.08, 9.5
TweetLine.au3, 746, 6.776, 8.98, 2.757
filekeeperd_old1.au3, 179, 3.391, -56.98, 1.139
Setup_old3.au3, 1053, 13.867, 13.11, 3.7439999999999998
MPlayer.au3, 3190, 19.678, 23.57, 9.377
send_old50.au3, 12493, 26.971999999999998, 28.07, 34.28
DLoader_old8.au3, 2539, 15.862999999999998, 24.58, 7.652
Crypt_old9.au3, 3558, 18.259, 25.66, 10.422
check_old2.au3, 697, 8.238000000000001, 5.02, 2.7720000000000002
recv_old18.au3, 2262, 17.04, 24.49, 6.9639999999999995
TotalControl_old7.au3, 1994, 16.782999999999998, 19.41, 6.507
send_old51.au3, 12987, 27.07, 28.3, 35.058
Ninjat_old2.au3, 8603, 25.622, 28.94, 23.258000000000003
Serveur_old20.au3, 2988, 20.078, 24.3, 9.933000000000002
ArcNet_file_old3.au3, 1296, 10.984, 16.2, 4.678
weirdFunc_old6.au3, 1007, 11.333, 13.51, 3.594
serveur_old47.au3, 5283, 20.927, 27.94, 15.110999999999999
client_old13.au3, 2257, 14.424, 24.63, 7.012
send_old17.au3, 7175, 23.154999999999998, 26.62, 20.759
zomb_old13.au3, 3076, 20.607, 23.05, 9.285
m4ster_old9.au3, 5472, 27.022000000000002, 26.81, 17.468999999999998
TDManager_old14.au3, 2939, 18.037999999999997, 24.53, 8.819
weirdFunc_old9.au3, 1300, 11.706, 18.23, 4.436
client_old46.au3, 7411, 25.533, 28.24, 20.747999999999998
testGui2.au3, 711, 7.098, 9.42, 2.978
filekeeperd-net_old2.au3, 1004, 10.309000000000001, 13.55, 3.7439999999999998
Setup_old1.au3, 611, 12.622, -0.65, 2.7279999999999998
findIco.au3, 855, 9.481, 10.88, 3.1270000000000002
Test_old5.au3, 1231, 10.232, 18.6, 4.111
ChestLock_old18.au3, 3439, 19.764, 24.72, 11.131
send_old14.au3, 6688, 25.138, 26.21, 19.785
client_old54.au3, 9136, 26.974999999999998, 28.57, 25.24
serveur_old9.au3, 1055, 11.180000000000001, 13.36, 3.7950000000000004
gui_old1.au3, 1333, 12.137, 18.23, 4.453
SuperStooge_old12.au3, 2297, 19.909, 22.12, 7.212
mRSS_old4.au3, 2806, 20.961000000000002, 23.95, 9.179
mRSS.au3, 5023, 24.735, 25.98, 15.128
serveur_old31.au3, 3288, 17.869, 24.73, 9.849
m4ster_old24.au3, 8095, 26.376, 28.26, 23.060000000000002
MPlayer_old27.au3, 2877, 19.904, 22.84, 9.651
M4sterr.au3, 3883, 18.773999999999997, 25.75, 11.645000000000001
AutoConnect.au3, 266, 6.986, -36.84, 1.664
serveur_old129.au3, 7602, 26.105, 29.56, 22.636
zomb_old8.au3, 2137, 18.027, 19.98, 7.011
SuperStooge_old9.au3, 1349, 14.292, 16.75, 5.114999999999999
Test_old4.au3, 1372, 11.573, 19.9, 4.97
client.au3, 10931, 30.244, 29.04, 30.371
Decrypter.au3, 763, 21.567, 12.98, 3.111
zomb_old11.au3, 2797, 19.323, 22.38, 8.902999999999999
filekeeperd_old15.au3, 4064, 17.206, 27.26, 12.246
Serveur_old8.au3, 1386, 10.052999999999999, 20.78, 4.981
Plus ou Moins_old1.au3, 374, 5.12, -11.23, 1.895
Jarvis_old1.au3, 2162, 16.709000000000003, 23.5, 6.741
Crypt_old1.au3, 1097, 11.671000000000001, 13.13, 3.9090000000000003
BonjourGrabber.au3, 1084, 11.602, 13.65, 4.0920000000000005
shared_old12.au3, 2948, 22.59, 24.86, 9.932
Decrypter_old3.au3, 761, 19.407, 12.75, 3.0599999999999996
Test_old1.au3, 745, 8.715, 12.08, 2.8739999999999997
Ctrl_old16.au3, 2132, 17.718, 20.87, 7.093999999999999
send_old16.au3, 7058, 22.351, 26.58, 19.727999999999998
test_old2.au3, 650, 7.558, 5.08, 2.626
TDManager_old16.au3, 3083, 18.519000000000002, 24.98, 9.298
client_old18.au3, 2930, 18.198, 24.13, 8.91
EasyC_old13.au3, 5201, 20.352999999999998, 28.63, 14.774000000000001
klogger.au3, 628, 8.516, 2.23, 2.497
mdp.au3, 186, 2.665, -49.46, 1.2
serveur_old118.au3, 7553, 24.285, 29.76, 20.629
m4ster_old1.au3, 3730, 23.194, 25.63, 11.09
CDIpwner_old5.au3, 3230, 17.943, 23.31, 10.89
coupage.au3, 113, 1.824, -100.88, 0.865
Plus ou Moins_old2.au3, 771, 6.122, 14.4, 2.7439999999999998
serveur_old131.au3, 7381, 24.694, 29.47, 20.125
serveur_old93.au3, 7025, 23.802, 29.49, 19.181
serveur_old19.au3, 2130, 17.998, 21.17, 7.617999999999999
recv.au3, 7533, 26.19, 28.87, 20.711
Ninjat_old14.au3, 11248, 29.804000000000002, 28.25, 31.005000000000003
average.au3, 1653, 15.422, 18.27, 5.6499999999999995
TDManager_old1.au3, 1140, 10.431, 14.39, 3.965
testGui_old2.au3, 479, 8.592, -7.52, 2.236
Ctrl_old15.au3, 2245, 16.273, 21.65, 6.94
send_old38.au3, 11791, 26.186999999999998, 28.07, 32.184999999999995
m4ster_old35.au3, 10748, 26.768, 28.9, 29.835
m4sterBeta.au3, 7254, 23.852, 28.05, 21.718999999999998
ChestLock.au3, 9527, 26.179000000000002, 28.12, 26.348
shared_old3.au3, 1141, 9.957, 16.48, 4.038
bitmap_old4.au3, 1334, 10.704, 18.82, 4.738
Cl0ck 1t_old4.au3, 1816, 15.43, 18.12, 5.861
client_old28.au3, 4801, 20.538, 26.37, 13.968
Test IP_old1.au3, 2129, 14.122, 21.98, 6.6610000000000005
ShellBoot_old1.au3, 477, 9.502, -7.55, 2.238
Ninjat_old28.au3, 10284, 28.750999999999998, 28.57, 28.557
zomb_old25.au3, 5138, 22.819, 25.85, 14.772
client_old75.au3, 11399, 27.801, 29.14, 34.109
Ctrl_old3.au3, 2473, 18.901, 21.8, 7.958
Zoumbi.au3, 790, 12.356, 4.94, 4.558999999999999
serveur_old76.au3, 6945, 23.119, 29.66, 21.569000000000003
setup.au3, 4289, 19.319, 25.62, 12.73
MSN Pass.au3, 3422, 20.252, 25.42, 10.233
klogger_old6.au3, 4318, 18.493, 32.72, 11.549999999999999
serveur_old157.au3, 6881, 23.73, 29.23, 18.993
client_old60.au3, 9763, 27.544, 28.92, 26.332
klogger_old5.au3, 1743, 13.637, 22.72, 5.468
Mode Battery Hors Ligne.au3, 106, 2.275, -114.15, 1.013
client_old19.au3, 3001, 18.217000000000002, 24.29, 9.227
ChestLock_old6.au3, 1673, 13.314, 18.77, 5.529
ShellBoot hack_old4.au3, 490, 4.944, 9.39, 1.8860000000000001
client_old76.au3, 11532, 27.424, 29.17, 31.331999999999997
ok_old2.au3, 1584, 14.306, 19.95, 5.3709999999999996
IA_old1.au3, 937, 11.027000000000001, 10.67, 3.417
serveur_old81.au3, 6878, 22.25, 29.67, 18.696
serveur_old23.au3, 2782, 17.644, 23.22, 9.065999999999999
AppleInfoGrabber_old5.au3, 1937, 15.592, 21.48, 6.405
setup_old1.au3, 1234, 14.141, 14.02, 4.414000000000001
EasyNote_old4.au3, 1880, 15.521, 20.16, 6.152
send_old33.au3, 10223, 25.272, 27.5, 28.191999999999997
serveur_old113.au3, 7290, 28.041, 29.49, 21.104000000000003
mRSS_old7.au3, 3432, 21.369, 24.5, 10.862
shared_old2.au3, 948, 9.592, 12.97, 3.581
zomb_old3.au3, 462, 6.373, -5.41, 1.986
TotalControl_old5.au3, 1759, 15.841999999999999, 18.59, 5.7860000000000005
Crypt_old23.au3, 5901, 21.955, 28.59, 16.236
PCDS_old5.au3, 9316, 25.01, 29.06, 25.825
Ctrl_old8.au3, 2695, 18.055999999999997, 22.67, 8.354000000000001
serveur_old52.au3, 5621, 20.44, 28.25, 15.879000000000001
send_old37.au3, 10774, 25.723, 27.71, 29.606
test_.au3, 589, 6.7749999999999995, 1.87, 2.436
send_old35.au3, 10772, 25.163999999999998, 27.54, 30.251
zomb_old30.au3, 6085, 22.645, 26.97, 17.305999999999997
serveur_old78.au3, 6945, 22.409, 29.69, 18.709
serveur_old142.au3, 8834, 25.805000000000003, 30.5, 24.320999999999998
Jarvis_old12.au3, 4422, 22.528, 26.8, 12.593
Fun.au3, 569, 7.765000000000001, 1.23, 2.313
SuperStooge_old8.au3, 1292, 13.202, 16.41, 5.4190000000000005
DistAcc.au3, 309, 7.329, -27.51, 3.812
klogger_old8.au3, 4915, 19.046, 32.37, 13.517
SuperStooge_old4.au3, 1756, 10.866999999999999, 25.11, 5.473999999999999
EasyC_old1.au3, 3185, 17.163999999999998, 25.43, 10.687000000000001
TDManager_old12.au3, 2957, 20.5, 24.59, 9.033
send_old2.au3, 994, 12.552000000000001, 13.58, 3.569
serveur_old25.au3, 3038, 18.109, 24.0, 9.359
m4ster_old30.au3, 9533, 26.238999999999997, 28.62, 25.756
Courbe Sinusoïdale.au3, 961, 10.335, 11.76, 3.518
recv_old29.au3, 4969, 20.302, 28.34, 14.302999999999999
rapid.au3, 249, 2.46, -24.1, 1.224
ChestLock_old36.au3, 7224, 22.787000000000003, 27.35, 21.058
serveur_old149.au3, 9395, 24.989, 30.82, 24.702
IPLookup_old2.au3, 2299, 13.802999999999999, 23.44, 7.2090000000000005
ArcNetUI.au3, 3168, 17.461000000000002, 23.67, 9.674
AppleInfoGrabber.au3, 3182, 17.042, 24.73, 9.488999999999999
m4ster_old28.au3, 8108, 24.546, 28.29, 22.455
send_old34.au3, 10481, 25.125, 27.59, 29.214
cdizomb.au3, 6847, 23.309, 27.34, 19.099999999999998
TDManager_old5.au3, 1586, 12.19, 19.29, 5.22
CDIpwner_old2.au3, 1655, 16.635, 17.34, 5.535
shared.au3, 3121, 17.571, 25.25, 9.405
Fake-File.au3, 255, 4.635, -33.73, 1.528
serveur_old124.au3, 7539, 24.410999999999998, 29.71, 20.566000000000003
zomb_old21.au3, 4979, 22.034000000000002, 26.67, 14.061
check.au3, 1272, 13.237, 14.86, 5.884
ShellBoot.au3, 920, 13.226999999999999, 9.35, 3.857
Setup_old4.au3, 1494, 17.27, 18.07, 5.071
greg.au3, 3150, 13.583, 29.17, 8.97
serveur_old151.au3, 9573, 25.45, 30.84, 25.313
serveur_old122.au3, 7582, 25.27, 29.7, 20.901
serveur_old134.au3, 7575, 25.516000000000002, 29.57, 21.912999999999997
client_old70.au3, 11306, 28.761, 29.07, 32.143
Ctrl_old5.au3, 2543, 18.546, 22.06, 8.28
SVGarder_old3.au3, 2304, 16.266, 22.27, 7.4559999999999995
Ninjat_old27.au3, 12583, 29.79, 29.29, 35.214000000000006
filekeeperconfig_old8.au3, 4219, 19.528, 26.12, 12.494
TDManager.au3, 4979, 20.646, 26.75, 15.024
AppleInfoGrabber_old4.au3, 1779, 14.469, 20.8, 5.766
serveur_old32.au3, 3365, 17.731, 24.87, 10.494
zomb_old6.au3, 439, 6.53, -7.52, 1.929
PN.au3, 86, 0.45399999999999996, -115.12, 0.7290000000000001
serveur_old105.au3, 8066, 25.169, 29.78, 22.425
IPLookup_old4.au3, 2108, 12.963000000000001, 22.01, 6.698
Ninjat_old13.au3, 10398, 29.108999999999998, 28.35, 28.694
SuperStooge_old7.au3, 1268, 12.809, 16.25, 4.473999999999999
client_old41.au3, 7039, 26.631999999999998, 28.03, 19.997
MSN Pass_old3.au3, 3227, 19.863, 25.47, 9.665
zomb_old7.au3, 1741, 14.38, 18.09, 5.694
ArcNet_file_old2.au3, 1244, 10.405, 15.92, 4.218
serveur_old101.au3, 6888, 23.855999999999998, 29.49, 18.801
client_old62.au3, 9915, 28.527, 29.04, 26.505000000000003
filekeeperd-net_old15.au3, 4862, 16.137999999999998, 27.38, 13.988
maj auto.au3, 71, 1.377, -130.99, 0.763
client_old48.au3, 7789, 25.090999999999998, 28.46, 21.558999999999997
serveur_old75.au3, 6843, 22.773000000000003, 29.58, 18.776999999999997
Serveur_old18.au3, 2737, 18.866, 24.33, 8.289
Ninjat_old30.au3, 10412, 27.983999999999998, 28.51, 29.386
IPLookup_old3.au3, 2069, 12.954, 21.85, 6.489
Ninjat_old16.au3, 11669, 30.021, 28.33, 32.141999999999996
filekeeperd_old9.au3, 2363, 13.141, 24.76, 7.221
TDManager_old25.au3, 4445, 20.483999999999998, 26.12, 12.822
Crypt_old15.au3, 3224, 15.207999999999998, 26.83, 9.327
setup_old5.au3, 3462, 17.095, 24.75, 10.192
Crypt_old24.au3, 5922, 20.948, 28.61, 16.256
filekeeperd_old8.au3, 2033, 12.093, 23.71, 6.357
rsync_old10.au3, 8535, 27.11, 28.34, 23.928
EasyC_old8.au3, 4783, 18.916999999999998, 28.29, 14.855
EasyC_old11.au3, 4616, 19.336, 27.97, 13.249
Crypt_old21.au3, 5650, 19.849999999999998, 28.41, 15.644000000000002
DLoader_old5.au3, 1150, 11.898000000000001, 14.52, 4.1339999999999995
IPLookup.au3, 2251, 13.058, 22.88, 6.965
m4ster_old22.au3, 7340, 23.64, 28.12, 20.266
