paradise.flp, 1322803, 707.1659999999999, 59.05, 2518.891
neu.flp, 2837614, 1057.242, 58.11, 5310.603
sin(x) 1.5 .flp, 285096, 481.313, 42.1, 649.574
4 - Copie.flp, 1743628, 757.992, 64.79, 2967.8019999999997
Sadshit - Copie.flp, 2198665, 769.702, 73.32, 3299.786
Basic with limiter.flp, 51967, 235.215, 64.24, 89.187
Channel groups.flp, 37393, 184.947, 52.75, 75.851
a.flp, 1795258, 782.566, 64.03, 3103.935
DnBTest.flp, 274364, 456.568, 48.83, 577.844
Canon.flp, 121592, 414.977, 40.75, 295.284
Last Man Standing (Minimal Beat).flp, 1508792, 742.604, 57.46, 2793.0510000000004
BAC LIVE SET.flp, 1552565, 1004.1659999999999, 21.59, 4378.869
heaven step.flp, 106190, 428.141, 49.31, 226.958
squared - Copie (2) - Copie.flp, 1178634, 838.005, 63.24, 2478.222
Cookie - Wake Up.flp, 642557, 1196.487, 69.49, 1292.519
unison.flp, 113961, 850.371, 42.2, 370.761
Maximal Crazy.flp, 1830448, 935.532, 55.46, 3962.103
leticome - master.flp, 2849186, 1181.951, 57.93, 5933.84
oh yeah.flp, 151220, 472.84900000000005, 50.83, 347.361
light.flp, 683929, 579.7909999999999, 66.66, 1244.5729999999999
1001.flp, 241025, 490.85, 53.68, 534.147
squared.flp, 1177740, 709.932, 63.21, 2296.855
Crookers.flp, 149998, 471.495, 50.57, 344.871
tiny - Copie (2) - Copie.flp, 1793970, 817.569, 70.8, 3081.841
Fuego96-FL Chan.flp, 340829, 533.393, 48.14, 792.8570000000001
Lounge.flp, 69056, 356.57899999999995, 60.09, 138.32500000000002
social.flp, 696166, 554.233, 72.62, 1127.734
acoustic.flp, 2131175, 1007.6719999999999, 55.27, 4680.237
bass chill (villandry II).flp, 215367, 502.994, 50.08, 484.54900000000004
house.flp, 139370, 460.98699999999997, 52.13, 308.85400000000004
summertime sadness (overwritten at 0h02).flp, 120078, 460.17, 52.16, 266.962
summertime sadness (overwritten at 23h54)_3.flp, 116454, 456.044, 52.08, 262.959
mini.flp, 1632802, 724.836, 73.88, 2618.9300000000003
One.flp, 807333, 784.234, 18.34, 2517.688
sin(x) 1.4 .flp, 284745, 520.243, 42.65, 699.6759999999999
Canonv2.flp, 422203, 535.226, 54.7, 907.71
maybe.flp, 1663947, 875.6, 73.06, 2761.003
los.flp, 640756, 598.829, 54.01, 1460.484
shit.flp, 92137, 440.187, 58.89, 187.278
rockygraphival v3.flp, 395743, 550.249, 44.29, 965.059
Iridium-HangingOn(remix).flp, 551044, 597.369, 49.61, 1245.746
leticome.flp, 2428319, 979.155, 65.31, 4541.599999999999
sunrise - Copie (2).flp, 172020, 503.132, 46.39, 417.12100000000004
Fruity Slicer.flp, 39296, 260.849, 47.71, 93.626
IDM.flp, 1076184, 832.5169999999999, 34.49, 2966.3849999999998
minimalism.flp, 1976432, 975.1229999999999, 56.98, 4259.4529999999995
summertime sadness (overwritten at 23h57)_5.flp, 117510, 468.34, 52.11, 264.90000000000003
Arpeggiator.flp, 5376, 139.822, 33.07, 16.534
Minimal copie.flp, 2203080, 1247.263, 41.89, 5574.715999999999
4.flp, 611115, 547.436, 70.02, 1259.145
acoustic drums.flp, 56351, 268.37699999999995, 62.67, 114.955
sweet.flp, 189090, 1068.459, 44.2, 819.928
bass chill.flp, 215391, 962.1690000000001, 49.96, 1543.245
Arekushia.flp, 1607085, 1044.069, 58.24, 5611.941
Minimal Exp.flp, 1173285, 889.9599999999999, 62.86, 2863.082
sin(x) 1.6 .flp, 285096, 656.9770000000001, 42.15, 902.596
deep.flp, 253700, 679.111, 14.64, 1065.462
guapa.flp, 1876230, 1108.778, 62.88, 4205.639999999999
bass chill - Copie.flp, 215343, 499.908, 50.09, 502.93
video.flp, 65654, 321.57000000000005, 61.45, 130.67000000000002
Trance WIP.flp, 1148602, 722.589, 62.39, 2498.913
deep french.flp, 2935148, 1764.7459999999999, 17.35, 9719.131000000001
drangonfly beat.flp, 709035, 579.996, 67.56, 1311.067
harddub.flp, 757980, 609.011, 64.63, 1415.4089999999999
Electroconductor-Midnight.flp, 269230, 496.813, 56.56, 763.6840000000001
sunrise - Copie.flp, 101528, 454.986, 52.21, 227.518
Chill tech vibes.flp, 172233, 491.58299999999997, 52.62, 431.848
Tours by night - Copie.flp, 1024710, 893.401, 19.84, 3380.8120000000004
estelle.flp, 713410, 591.456, 65.88, 1319.1779999999999
Minimal Base.flp, 136616, 482.643, 40.61, 350.948
gamefortehnoob (vodros).flp, 675911, 576.189, 68.68, 1201.548
Last Man Standing (Beat) - Copie.flp, 4395740, 2423.623, 18.56, 19569.602
squared (India).flp, 1181411, 630.083, 63.1, 2042.7659999999998
Preview2.flp, 2409389, 882.9350000000001, 65.46, 4049.34
guitare 1.flp, 649923, 573.129, 49.01, 1382.919
Aspirin 500.flp, 620786, 505.717, 67.73, 1014.9820000000001
rand2 - Copie.flp, 1669132, 1162.201, 38.85, 4603.846
RemasteringHappiness.flp, 70221, 357.79499999999996, 60.36, 139.27100000000002
1995 - 2.flp, 4562076, 7767.9039999999995, 15.79, 13450.457
PIANO PART OeP.flp, 176206, 426.62699999999995, 54.82, 339.52500000000003
Paris.flp, 2070541, 1133.8010000000002, 28.77, 5321.539
FinalEPXeno1.flp, 2237425, 1238.729, 42.06, 5560.2080000000005
trap.flp, 110866, 450.892, 52.52, 245.394
Ping Timeout.flp, 1373105, 789.106, 58.49, 2806.96
hype garage house.flp, 5502403, 2613.232, 29.01, 16965.916
Fruity Peak Controller (advanced).flp, 87169, 465.60200000000003, 37.51, 241.92
tiny - Copie - Copie.flp, 1775921, 814.504, 71.07, 3079.5699999999997
ermahed ghnost n stuff.flp, 1420004, 818.589, 58.1, 2981.735
orch.flp, 186037, 493.93, 50.26, 434.818
Welcome To Edentown (Radio Edit) TO DO.flp, 1852269, 2702.495, 55.24, 11561.209
night.flp, 115273, 1430.5110000000002, 50.27, 775.297
lectrohaus.flp, 824316, 1993.88, 47.72, 1725.6180000000002
bre.flp, 66845, 313.49, 59.28, 122.626
patata.flp, 1819661, 867.8430000000001, 53.13, 3664.0060000000003
split.flp, 146897, 432.887, 48.17, 314.02200000000005
Raquel+Alex+Blake-My body.flp, 207087, 434.997, 48.9, 439.04900000000004
tiny - Copie.flp, 1775921, 703.8299999999999, 71.07, 2720.764
MinimalsdsdsExtendedMix.flp, 2776224, 1162.371, 47.65, 5930.707
DnH.flp, 175119, 433.16900000000004, 45.07, 397.61800000000005
nox.flp, 636754, 511.147, 68.43, 1071.184
summertime sadness (overwritten at 23h56).flp, 116454, 520.0010000000001, 52.08, 254.69000000000003
Pandora (overwritten at 12h29).flp, 1503785, 1160.475, 8.95, 5191.473
TmplFL.flp, 52664, 457.086, 60.91, 105.71600000000001
1988.flp, 1510831, 910.2320000000001, 49.49, 3497.2400000000002
Pilchard-Tzachitx.flp, 246221, 491.60900000000004, 57.66, 522.908
Layer channels.flp, 35306, 194.55700000000002, 52.44, 80.56099999999999
42.flp, 1236985, 678.9269999999999, 70.25, 2142.7839999999997
derp.flp, 2977349, 1100.7089999999998, 66.87, 6379.974
13.flp, 1435346, 2693.551, 43.1, 11253.999
c# major.flp, 613539, 1720.781, 70.04, 2563.92
TheNewBarzil.flp, 1328815, 719.489, 59.2, 2496.294
Jericho.flp, 242681, 501.526, 13.26, 736.239
mortrevere - colored.flp, 1793138, 763.427, 70.73, 2947.2670000000003
PIANO PART OP.flp, 162748, 473.793, 59.48, 321.56800000000004
Borns.flp, 81606, 413.177, 49.25, 172.102
deep frecnh.flp, 2926702, 1602.763, 14.47, 9404.825
Naxt.flp, 72266, 432.259, 53.59, 159.546
Gate effect.flp, 47487, 446.799, 50.92, 117.491
BaseProgBackup.flp, 4228059, 1277.518, 74.98, 6995.133
Delay and reverb.flp, 49745, 180.07899999999998, 64.74, 97.75399999999999
Dirty Hands - Copie.flp, 2086367, 1096.441, 48.96, 6785.068
leticome - Copie.flp, 2428319, 2879.056, 65.31, 12391.602
summertime sadness (overwritten at 23h59)_4.flp, 120078, 427.085, 52.16, 243.513
NewStuff.flp, 582178, 600.814, 32.07, 1491.2810000000002
beat2.flp, 1348068, 707.841, 57.78, 2527.589
dip - Copie.flp, 1880000, 801.164, 62.14, 3376.649
Welcome To Edentown gregwar edit.flp, 1854113, 845.424, 55.19, 3613.772
Blake-Dance With Me.flp, 377906, 484.354, 52.38, 757.548
TTTPOX.flp, 1646031, 767.448, 59.81, 3008.19
Aspirin V2 (No Head).flp, 3350151, 1246.856, 63.13, 6334.2210000000005
4one-Surrealism.flp, 322448, 510.85400000000004, 54.57, 694.249
both of us 2.flp, 1859573, 864.998, 63.53, 3547.1780000000003
HNM102030 - Copie (3).flp, 4920374, 2396.9770000000003, 28.45, 27454.048
Keyboard shortcuts.flp, 37112, 628.663, 49.76, 247.218
classieux.flp, 687817, 1674.963, 64.68, 3701.607
Fuego96-TriggerHappy.flp, 1070053, 604.822, 63.52, 1813.808
tiny.flp, 1802409, 701.659, 70.76, 2737.5099999999998
Welcome to Anytown.flp, 257808, 466.90500000000003, 40.91, 587.236
Blake-Nowhere near.flp, 313065, 468.577, 45.79, 668.745
both of us.flp, 81036, 412.67900000000003, 51.7, 163.59
colored.flp, 1786848, 700.298, 70.8, 2703.043
harddub - Copie.flp, 194905, 438.38, 46.63, 416.091
rand2 - Copie (2).flp, 1727397, 930.951, 38.68, 3989.577
que je t'aime.flp, 1315647, 942.268, 11.74, 4330.824
tekkk.flp, 2799199, 1713.347, 13.85, 9301.202
Last Man Standing (Edit).flp, 1456464, 1097.1390000000001, 13.72, 13553.576
beat.flp, 1645216, 2577.7019999999998, 53.15, 6083.432
Rainy Day.flp, 744774, 618.669, 37.5, 1781.2060000000001
afweh.flp, 2435991, 881.783, 65.35, 4043.52
approaching heaven.flp, 637491, 503.345, 67.91, 1007.83
metropolis.flp, 137078, 413.519, 53.27, 266.66
typdrummer.flp, 56954, 256.217, 62.75, 97.348
FULL VERSION TRAIN.flp, 169680, 426.29299999999995, 44.8, 371.93199999999996
cafe x clope.flp, 3731463, 1250.5059999999999, 60.59, 6935.135
Tiny.flp, 1808203, 794.7800000000001, 70.69, 3095.313
paf piaf.flp, 2676452, 1769.098, 6.44, 11646.644999999999
french.flp, 1180504, 1921.8310000000001, 70.89, 5679.987
2.flp, 1190988, 2064.6710000000003, 69.76, 7152.604
summertime sadness (overwritten at 23h57)_3.flp, 116958, 1313.959, 52.09, 747.169
rand2.flp, 3403471, 1294.51, 54.6, 6614.58
sw.flp, 851080, 576.0509999999999, 61.25, 1502.828
Shutdown (Minimal Beat) - Copie.flp, 1750627, 725.456, 70.94, 2692.607
blissed.flp, 2055719, 792.2940000000001, 65.57, 3485.5299999999997
HNM102030.flp, 2178443, 1033.096, 60.67, 4299.98
folia.flp, 907532, 697.4749999999999, 50.23, 4289.101
sin(x) 1.3.flp, 282318, 1499.7849999999999, 41.93, 2037.571
live bac.flp, 975654, 2273.163, 33.95, 7632.6900000000005
caca.flp, 65631, 715.537, 61.25, 374.61699999999996
laid back.flp, 629313, 497.20599999999996, 68.69, 995.846
Necou.flp, 689930, 511.807, 68.47, 1091.067
VST and DX Instruments.flp, 35779, 126.65799999999999, 50.45, 72.727
Addiction.flp, 146687, 423.828, 47.34, 313.817
chill.flp, 91754, 402.734, 49.7, 188.21099999999998
summertime sadness (overwritten at 0h01).flp, 120078, 411.569, 52.16, 239.35600000000002
Intro.flp, 291682, 459.14, 47.66, 615.23
Toby-Never Comin Down.flp, 1556204, 953.471, 28.76, 4043.896
deep tech.flp, 86533, 448.88800000000003, 54.55, 166.995
Minimal.flp, 2214112, 1100.297, 42.08, 4984.464
1.flp, 254668, 497.78099999999995, 14.03, 825.206
Maximal Crazy A.flp, 1850860, 950.634, 55.27, 4083.3899999999994
futurehouse.flp, 831734, 689.284, 49.71, 2028.2269999999999
Zircon-Just hold on.flp, 2188241, 1320.107, 26.45, 6483.252
color - Copie.flp, 2015039, 3679.894, 21.21, 13668.322
color.flp, 1731823, 690.3280000000001, 71.54, 2572.383
Template PN.flp, 144027, 422.524, 50.25, 298.322
FinalEPXeno1Extended.flp, 2776224, 1153.47, 47.65, 5802.652
drangonfly.flp, 709615, 515.398, 67.61, 1126.198
Blake-Hanging On.flp, 341747, 461.61, 53.72, 662.815
Greenland.flp, 100397, 412.589, 52.66, 198.53
Fruity Peak Controller (basics).flp, 32362, 177.872, 54.67, 63.714999999999996
Audio recording.flp, 37294, 185.252, 52.61, 73.78899999999999
greenland 2.flp, 87276, 401.032, 52.61, 171.77100000000002
connection.flp, 3444163, 1222.037, 57.47, 7172.95
Aspirin - Copie.flp, 3247402, 1188.1280000000002, 63.89, 6191.38
rockygraphival v2.flp, 248293, 504.45300000000003, 55.54, 525.617
Welcome To Edentown.flp, 1851899, 951.5749999999999, 55.27, 3977.489
summertime sadness (overwritten at 23h55).flp, 116454, 457.945, 52.09, 261.33299999999997
I remember.flp, 1267125, 764.4309999999999, 60.59, 2510.472
Patch bank.flp, 79143, 453.09700000000004, 54.63, 170.843
Dirty Hands.flp, 2107385, 1090.587, 48.77, 13822.16
old times.flp, 271968, 1687.673, 16.27, 2528.4300000000003
Maximal Crazy preview.flp, 1861863, 2801.614, 55.44, 3602.9339999999997
f# pimped.flp, 2902820, 978.417, 67.19, 4691.329
warm.flp, 187865, 439.798, 39.56, 446.419
Aspirin.flp, 3306697, 1130.1879999999999, 63.3, 5803.225
sunrise.flp, 182387, 454.82800000000003, 46.55, 397.856
clocktweets.flp, 2841459, 1020.537, 70.49, 7827.193
summertime sadness (overwritten at 23h57)_6.flp, 117510, 651.7180000000001, 52.1, 276.443
Fruity X-Y controller.flp, 32284, 176.14, 54.03, 69.89
Chords On Fire.flp, 78723, 438.58200000000005, 54.16, 171.6
Last Man Standing (Minimal Beat) - Copie.flp, 3820537, 6532.3279999999995, 14.74, 13441.186
Doom in A major - Copie.flp, 1601768, 829.88, 50.36, 3299.067
ballade.flp, 116345, 413.897, 44.52, 297.262
mpc.flp, 222632, 440.395, 54.24, 442.851
record.flp, 259799, 502.27200000000005, 14.29, 770.27
deadmau5-ThatsNotTrue (dream electro mix).flp, 238136, 443.75399999999996, 52.92, 469.084
sin(x) 1.1.flp, 169016, 431.58000000000004, 44.38, 367.32300000000004
intro BDE.flp, 90722, 390.158, 60.3, 163.572
filterwerk.flp, 735993, 587.115, 51.77, 1475.759
