Archer.2009.S01E01.DVDRip.XViD-OSiTV-fre.srt, 32788, 30.479, 34.92, 83.62400000000001
TP_PROJ_JEU_LaRoueDeLaFortune.pdf, 195141, 481.943, -0.08, 670.246
Mr.Robot.S01E05.720p.HDTV.x264-KILLERS.srt, 50514, 27.081, 36.92, 122.059
DDJ-SB2-driver-1000(1).zip, 924975, 839.248, -0.04, 3169.251
Toolkit 2.4.9 (CODYXQ4).torrent, 11343, 389.363, -3.38, 43.589999999999996
hl1110lpr-3.0.1-1a.i386.deb, 24874, 394.986, -1.57, 87.521
CarteRDV_VINCENT_Leo.PDF, 4971, 369.63, 7.16, 19.623
Samsung_SSD_850_PRO_Data_Sheet_rev_1_0.pdf, 95407, 436.913, 0.52, 323.615
ufonts.com_rockwell-condensed.ttf, 48112, 409.931, 13.07, 148.103
P2A2-2-7-Mérand-Vincent.pdf, 868803, 799.899, -0.04, 2918.466
form.zip, 7269, 385.733, -3.51, 27.742
sugarDOc.svg, 26301, 22.837, 42.04, 61.114000000000004
1513240_637559619640052_178887339_n.jpg, 58830, 416.841, -0.19, 202.47299999999998
Requête_HTTP.png, 9873, 405.853, 0.71, 36.312
ProgOrauxEcritsJuin2015(P1ABC)(1).pdf, 105117, 437.243, 0.16, 359.102
LOGO(1).svg, 138272, 48.980000000000004, 43.93, 308.309
Roue de la fortune tk.py, 3002, 14.953, 28.25, 8.809000000000001
LOGOBW.svg, 127192, 46.938, 43.49, 292.32000000000005
How to execute a command and get output of command within C++? - Stack Overflow.html, 140828, 75.809, 38.97, 337.72799999999995
TP 2 La diode zener régulation de tension.docx, 406351, 585.442, 1.65, 1353.845
mr-robot-season-1-episode-1-english-7405.zip, 29255, 403.22200000000004, -1.32, 101.694
Dossier DevLab.pdf, 245150, 504.21099999999996, 0.12, 950.275
Colle 09.pdf, 181922, 535.885, -0.08, 678.068
Ordre du jour .docx, 40630, 457.378, 6.12, 147.21
bebas_neue.zip, 20186, 446.442, -1.91, 80.55199999999999
medium.com-Are Startups Dead  Hacker Daily  Medium.pdf, 37413, 452.606, 1.94, 140.009
arstechnica.com-Body cam captures mans final wordsbegging the cops to get off of him.pdf, 38360, 459.23, 1.91, 143.457
colle2_ABC(1).pdf, 7439, 440.542, 2.57, 29.955
Emploi-du-temps(4).docx, 19442, 441.01, 3.41, 73.401
semaine 14 P1C.docx, 18991, 445.37399999999997, 3.54, 70.806
subduction_22_10_12definitif.docx, 69074, 465.40700000000004, 0.84, 255.97199999999998
DM 13.pdf, 255063, 569.859, -0.07, 955.4970000000001
the-wolf-of-wall-street-english-yify-8936.zip, 105528, 496.498, -0.37, 399.64300000000003
Silicon.Valley.S01E01.HDTV.x264-KILLERS.srt, 44622, 34.632999999999996, 36.02, 123.209
22-jump-street-english-yify-25362.zip, 59718, 461.435, -0.65, 227.06
11328177_887605454611226_159119181_o.jpg, 800640, 868.044, 0.0, 3092.5150000000003
Archer.S01E01.HDTV.XviD-SYS.srt, 37009, 30.698, 35.7, 102.21900000000001
10738268_10205916009884102_989188392_n.docx, 8672, 442.978, -2.44, 35.316
SchémaFonctionnement(2).jpg, 119577, 501.31000000000006, 14.34, 404.743
velocity-master.zip, 71410, 468.43600000000004, -0.51, 288.30699999999996
HijackThis.exe, 388608, 652.227, 7.47, 1474.6919999999998
The Office_1x01_en.zip, 11954, 419.551, -3.2, 44.169
WP_20150919_14_08_14_Pro.jpg, 362257, 614.4079999999999, 4.13, 1347.378
TIPE.PID_C_MOI.zip, 39335, 445.127, -0.61, 152.155
ASPTT LOGO HERMINE NOIR SITE.png, 19906, 442.818, -0.38, 77.709
the_morning_star_2560x1440(1).jpg, 1137214, 1138.1490000000001, 0.21, 4294.302
The Pirate Bay Away From Keyboard (2013).srt, 75297, 42.707, 35.38, 331.639
linux-brprinter-installer-2.0.0-1, 92056, 195.354, 29.34, 273.39599999999996
palm-tree-308385_1280.png, 134422, 500.8860000000001, -0.26, 536.591
Colle 11en P1C.pdf, 195088, 631.8209999999999, -0.01, 739.075
13162531_1202832449762080_674898021_n.jpg, 48209, 465.559, -0.61, 186.274
Mission CG.pdf, 286887, 882.408, -0.06, 1266.23
vumeterclock.zip, 2278, 591.7860000000001, -12.03, 11.574
Note de synthèse LAM p1.pdf, 221984, 578.116, 0.93, 2552.536
Colle 10.pdf, 178954, 1538.8919999999998, -0.07, 1958.239
WP_20150915_17_15_01_Pro.jpg, 315184, 1733.306, 5.48, 3263.372
eco(1).jpg, 755239, 2345.108, 5.25, 5565.997
Mr.Robot.S01E07.720p.HDTV.x264-KILLERS.srt, 44519, 26.294999999999998, 35.87, 109.993
Note de synthèse CUB p2.pdf, 96947, 438.331, 0.18, 328.838
Site_ASPTT Rennes Cyclisme(1).docx, 15770, 406.558, 4.88, 53.289
csrss.exe, 875175, 732.887, 25.51, 2429.739
DOSSIER_DE_CANDIDATURE_+_LISTE_DES_PIECES_A_FOURNIR_.zip, 112808, 441.637, 1.77, 377.64799999999997
neon.zip, 6293, 388.591, -5.93, 24.413
BC_Terres_du_Son_2015_1419.pdf, 293634, 531.06, 0.5, 998.408
The Beach.otf, 106240, 430.926, 20.74, 306.724
sin-city-english-yify-16907.zip, 51612, 407.81, -0.76, 175.777
13184670_1202832476428744_1025290875_o.jpg, 98836, 436.97799999999995, -0.22, 337.503
EXERCICES D'ARITHMETIQUE.pdf, 307202, 541.01, -0.09, 1038.875
Programme Oraux Décembre 2014(P1ABC)(1).pdf, 80426, 424.12100000000004, -0.09, 281.519
Ibrahim Maalouf - Illusions (2013).torrent, 21207, 398.472, -1.82, 75.08
STITCHA SNARE FINISHED.aif, 88960, 433.06600000000003, 19.08, 260.879
star-wars-episode-iv-a-new-hope-french-yify-28087.zip, 40736, 404.36100000000005, -0.95, 140.91699999999997
trivium_p3.pdf, 91967, 431.471, 2.8, 313.368
SchémaFonctionnement.jpg, 119577, 445.956, 14.34, 357.755
planning tournage SA.ods, 12606, 415.635, 0.41, 45.368
bulletin provisoire.pdf, 101264, 435.313, -0.04, 340.223
0002564_08062015_0907.zip, 68775, 417.42, -0.57, 235.362
722(1).GIF, 19110, 408.991, 0.33, 67.483
722(2).GIF, 5196, 385.74399999999997, -1.17, 23.747999999999998
Pré-rapport(1).docx, 533708, 639.312, 0.6, 1815.581
PROCEDURE ETUDIANTS  Dépôt PPP P1 et P2.docx, 501131, 636.467, 0.71, 1733.3529999999998
Mr.Robot.S01E03.HDTV.x264-ASAP.srt, 50053, 35.342, 35.3, 141.29
ws_White_Vinyl_2560x1440.jpg, 567466, 744.699, 0.38, 2134.806
correction-physique-2-2-2014-2015.pdf, 228533, 555.586, -0.03, 867.4190000000001
Annuaire SA-2015.xlsx, 17491, 442.828, 7.75, 63.736000000000004
charteCampagneBDEeseo2015_v2.pdf, 316994, 596.8860000000001, 0.19, 1202.934
LiveCss.js-master.zip, 10964, 441.85600000000005, -3.11, 43.948
mr-robot-season-1-episode-7-english-9210.zip, 18230, 443.10699999999997, -2.12, 72.186
12380129_963056510409236_942400168_n.jpg, 62187, 466.747, -0.26, 237.084
285.GIF, 4675, 434.047, -1.24, 21.43
vumeterclock(1).zip, 2278, 416.234, -12.03, 11.709999999999999
Mr.Robot.S01E09.720p.HDTV.x264-KILLERS.srt, 48933, 29.436, 36.81, 134.056
whiplash.720p.BluRay.x264.YIFY.srt, 58897, 46.057, 35.94, 161.047
12915305_1036313306407106_329967527_o.jpg, 55085, 458.455, -0.15, 210.592
constante de raideur d'un ressort.pdf, 355989, 625.266, 0.38, 1343.324
banyt.png, 1066211, 1001.5849999999999, 0.1, 4066.542
mathsinfodebug.py, 4792, 12.333, 36.29, 14.535
Anglais Oraux 06 2015.pdf, 86559, 479.547, 2.72, 320.594
Thibault.jpg, 31074, 450.023, -0.91, 119.672
LaserGUI.rar, 4987, 429.30899999999997, -7.22, 21.883
ailerons.zip, 394203, 644.259, 0.25, 1494.467
ProgOrauxEcritsJuin2015(P1ABC).pdf, 105117, 517.274, 0.16, 391.304
ETUDE DOCUMENTAIRE semi-conducteur.pdf, 260744, 1664.2140000000002, -0.07, 2883.1699999999996
Saucissons.pdf, 113162, 1431.331, -0.21, 1235.161
american-hustle-yify-english.srt, 224895, 306.101, 35.63, 1782.067
qr_code.zip, 768, 810.924, -39.06, 21.044
the.hunger.games.(2012).fre.1cd.(4632742).zip, 32098, 1294.226, -1.21, 361.041
campton.zip, 80648, 1394.417, -0.48, 888.5229999999999
MTD_06-bis_EDP.pdf, 174214, 1526.75, 0.13, 1929.193
facturesYM.zip, 55668, 1338.916, -0.7, 628.034
cryptbde.py, 1605, 32.599999999999994, 25.05, 16.429
fichs stage ESEO, 261972, 1616.9340000000002, 14.66, 1439.7279999999998
src_204.zip, 279966, 520.2560000000001, -0.13, 949.982
trivium_p3source.zip, 13312, 400.497, -2.34, 47.429
jQuery-flexImages-master.zip, 261465, 513.638, -0.13, 881.201
Codes.numbers, 66303, 416.89300000000003, -0.23, 227.22899999999998
monit-5.15-linux-x86.tar.gz, 1017328, 869.201, -0.04, 3414.482
Kanji Font.zip, 16400, 389.038, -2.14, 58.384
the-wolf-of-wall-street-yify-english.srt, 293670, 109.966, 35.24, 747.561
palm.png, 363837, 566.169, 2.51, 1211.897
Dossier-de-Partenariat-ESEOASIS word.docx, 21952, 400.65299999999996, -0.74, 77.702
Questionnaire-VINCENT-Leo.docx, 26927, 406.16600000000005, -1.01, 94.711
Céline MERAND_1952461_0.pdf, 1008133, 858.971, 0.0, 3402.471
Mr.Robot.S01E02.720p.HDTV.x264-KILLERS.srt, 55611, 32.193, 36.45, 135.534
mr-robot-season-1-episode-6-english-8983.zip, 16232, 409.323, -2.34, 57.056000000000004
CR_+_plannings_semaines.zip, 841763, 776.104, 0.83, 2814.933
adaptive-images.1.5.2.zip, 18831, 395.84000000000003, -1.7, 65.68499999999999
Exercices_corrigés_de_mathématiques.zip, 143585, 474.127, -0.27, 541.694
Bc6LmZ0IcAAWod_.jpg:large.jpeg, 58938, 465.28799999999995, -0.34, 220.75
Colloscopes P1C 2 ème semestre  Année 2014-2015(1).pdf, 236650, 561.2009999999999, 1.85, 871.027
minipro Léo VINCENT Pierre LEROY.pdf, 32537, 449.156, -0.65, 125.32799999999999
ship.jpg, 335104, 612.515, -0.09, 1245.1950000000002
722.GIF, 11891, 437.107, -2.39, 47.631
washingtonpost.com-The new way police are surveilling you Calculating your threat score.pdf, 48077, 459.754, 1.07, 180.562
PHPMailer-master(1).zip, 209421, 555.121, 0.27, 784.3520000000001
DS3231_TEST.zip, 8348, 430.526, -3.23, 34.836
Sujets exposés français.pdf, 319641, 615.1320000000001, 0.27, 1201.039
DS-TA-2014(2), 259838, 555.041, 14.61, 861.696
Dope.2015.720p.BluRay.x264.YIFY.srt, 142124, 81.86, 34.69, 398.31600000000003
2015_09_16_16_22_52_10.200.138.46_dashboard_v2_index.php_p_itop6.png, 130092, 499.193, 0.07, 493.255
c++ - Running cmd commands and getting results to a string variable - Stack Overflow.html, 74042, 59.761, 38.13, 201.31799999999998
13162118_1202832419762083_1652863993_n.jpg, 77071, 472.086, -0.39, 288.859
PASSAGE TP P1C  série2 2014.pdf, 17071, 450.33299999999997, 16.63, 58.499
libusb-1.0.9.tar.bz2, 421971, 656.328, -0.09, 1641.772
T_051.jpg, 62401, 463.705, 2.8, 230.05700000000002
the-interview-english-yify-36172(1).zip, 57920, 463.726, -0.67, 220.955
petitsouci.zip, 131027, 510.995, -0.26, 501.888
635554664212992850 (2).jpg, 576486, 736.81, 0.1, 3207.576
MAdantpdf.pdf, 77127, 1376.1989999999998, -0.39, 853.035
sieve2310_64bit.c, 8278, 67.898, 30.82, 70.50099999999999
texte article3.docx, 7932, 1278.1309999999999, -2.57, 94.33800000000001
The Office - 1x02 - Diversity Day.HDTV.en.srt, 26267, 75.08099999999999, 34.58, 214.49699999999999
whiplash-english-yify-36616.zip, 25401, 1299.7430000000002, -1.54, 287.35699999999997
chap-IV-Induction-magnétique-circuit-fixe-dans-un-champ-magnétique-variable.pdf, 566920, 2157.56, 0.23, 6242.9529999999995
WP_20150915_17_17_38_Pro.jpg, 263354, 1658.445, 7.33, 2723.931
semaine 5  P1C.docx, 30599, 1411.672, 1.71, 330.801
pulp-fiction-english-yify-7765.zip, 61173, 1267.35, -0.64, 206.59199999999998
12596170_963057120409175_941917615_n.jpg, 53690, 408.69899999999996, -0.48, 190.61700000000002
better-call-saul-season-1-episode-7-english-4473.zip, 18923, 395.62199999999996, -2.05, 66.626
Cramer.pdf, 108767, 443.547, 7.04, 344.231
tumblr_lt175nz2DW1r30yjlo1_500.jpg, 63194, 418.394, -0.41, 219.188
selected-drill-t-shirt-neon-orange-1550-zoom-0.jpg, 68450, 428.844, 3.21, 229.15
tfjm.xlsx, 19077, 398.409, 4.31, 63.812999999999995
back-to-the-future-1985-1080p-english-yify-40135.zip, 40186, 401.618, -0.97, 137.649
texte article2.docx, 7977, 398.601, -2.47, 30.307000000000002
Digistump - Home of the Digispark.html, 42231, 37.574999999999996, 34.6, 106.794
Roue-de-la-fortune.rar, 215906, 500.44999999999993, -0.18, 729.174
13181055_1202832453095413_2005719494_n.jpg, 48716, 402.089, -0.64, 172.141
DDJ-SB2-driver-1000.zip, 924975, 820.145, -0.04, 3155.81
Mr.Robot.S01E06.HDTV.ASAP.en.zip, 16149, 390.912, -2.38, 56.080999999999996
B-3SfL_XIAAXrIV.png, 100158, 432.756, 0.83, 333.878
13199376_1202832443095414_123079480_o.jpg, 84841, 430.41400000000004, -0.25, 292.155
semaine 18 P1C.docx, 38403, 400.001, 1.2, 131.149
Rennes ASPTT_1-2.pdf, 698885, 721.817, 1.08, 2385.107
TFJM exo1q4.docx, 104967, 464.048, 0.45, 367.947
divergent-english-yify-18257.zip, 33287, 402.929, -1.16, 118.29599999999999
mot-du-president.docx, 12604, 389.332, 6.43, 41.708000000000006
better-call-saul-season-1-episode-10-english-5468.zip, 23960, 397.5, -1.61, 83.802
resume-after(1).pdf, 46064, 410.66, 1.01, 160.719
Site_ASPTT Rennes Cyclisme_RB.docx, 17054, 395.63399999999996, 4.34, 56.827000000000005
cycle guedard.png, 242587, 506.72499999999997, -0.09, 838.62
TP11.py, 1930, 11.256, 32.33, 5.614
Office Professional Plus 2013 FR RTM x86 et x64 [MSDN].torrent, 15758, 401.384, -2.44, 58.805
the-lego-movie-english-yify-14890.zip, 43467, 448.74399999999997, -0.9, 149.774
charteCampagneBDEeseo2015_v2(1).pdf, 316994, 573.532, 0.19, 1189.041
Mr.Robot.S01E08.HDTV.KILLERS.en..srt, 44728, 28.278000000000002, 36.21, 125.284
scn typo2.png, 175715, 547.891, 0.77, 678.5949999999999
form(1).zip, 7117, 430.134, -3.54, 30.232
testban.xcf, 1063793, 893.6800000000001, 22.67, 3294.458
Corrigé DS  1-1 14-15 vf.pdf, 132276, 511.10900000000004, 1.38, 500.031
Minority.Report.Proper.AC3.DVDRip.XviD-BuFu.srt, 113142, 57.07, 35.07, 316.21700000000004
LOGOBW(2).svg, 126783, 54.911, 43.53, 329.07399999999996
semaine 11 P1C.pdf, 193544, 551.5029999999999, -0.09, 731.202
Mathématiques Oraux 06 2015.pdf, 89858, 481.571, 4.19, 325.515
mr-robot-season-1-episode-2-english-8182.zip, 20910, 453.083, -1.86, 83.975
0002564_08062015_0908.zip, 1024994, 975.0600000000001, -0.04, 3899.559
qmidinet-0.3.0.tar.gz, 89326, 486.394, -0.44, 346.527
Premium.Rush.2012.PROPER.720p.BluRay.x264-DAA.eng.srt, 82927, 45.125, 35.62, 232.40800000000002
How High.DvDrip.Xvid.NeRoZ.FR.srt, 110866, 62.440000000000005, 36.72, 309.96000000000004
13170619_1202832426428749_1868341145_o.jpg, 94900, 486.653, -0.24, 359.214
liste_Internet_conventions_14-01-2015.pdf, 69550, 475.66700000000003, -0.1, 277.097
Capture d’écran 2016-02-11 à 16.52.01.jpg, 96474, 496.193, 0.33, 371.543
My_Conky_Config_311209_by_londonali1010.gz, 4594, 435.13800000000003, -8.34, 20.615000000000002
facture_FR13577231.pdf, 76369, 474.203, 19.48, 249.13
fat-face.jpg, 418783, 758.626, 0.19, 1597.366
usatoday.com-Company hikes price 5000 for drug that fights complication of AIDS cancer.pdf, 28414, 452.108, 1.7, 107.129
Misson CG (physique-P1-2015).ods, 47539, 466.537, -0.32, 181.668
the do - A Mouthful.torrent, 12165, 431.00500000000005, -2.77, 47.818
eseo.zip, 1069068, 1006.6729999999999, -0.04, 4020.0570000000002
mfrc522_rfid_lib.zip, 22549, 463.89599999999996, -1.33, 87.976
Colle 18 P1C(1).pdf, 140970, 513.931, 0.06, 633.9879999999999
CooperHewitt-OTF-public.zip, 658003, 840.063, 0.03, 2449.936
DS P2  2-1 14-15.pdf, 312197, 610.476, 0.27, 3469.936
021.pdf, 151158, 1505.197, 1.6, 1675.915
12596341_963059847075569_115088326_n.jpg, 67296, 1378.047, -0.39, 743.856
Site_web.zip, 1103768, 2943.966, 0.32, 11238.322
virtualbox-fuse_4.1.18-dfsg-1ubuntu1_amd64.deb, 25470, 398.705, -1.51, 90.697
392quine.b, 551, 3.5370000000000004, 25.95, 1.9040000000000001
LEO VINCENT - DEVIS BACHES.pdf, 215414, 497.231, -0.02, 736.1529999999999
removewat 2.2.9.exe, 1223544, 922.786, 15.02, 3726.956
Mr.Robot.S01E01.HDTV.x264.PROPER-LOL.srt, 77686, 42.312000000000005, 35.73, 190.79
scruffybase.sql, 10976, 24.775, 28.87, 29.919999999999998
semaine 4 P1C(1).pdf, 89516, 448.851, 0.01, 304.03400000000005
Colle 18 P1C.pdf, 140970, 462.399, 0.06, 485.597
The Interview.1080p.BluRay.x264.YIFY.srt, 161910, 65.628, 35.95, 448.73600000000005
crypt.py, 1546, 10.077, 24.19, 4.885
headerSMALL.png, 92246, 450.23, 0.08, 316.46200000000005
IMG_6280.JPG, 544843, 651.3820000000001, -0.02, 1868.982
Facture_Free_201604_16167924_621755814.pdf, 24314, 399.051, 3.41, 83.18599999999999
Thomann_Retoure_1110620.pdf, 533724, 632.2489999999999, 11.11, 1686.557
Parks.and.Recreation.S01E04.DVDRip.XviD-REWARD.srt, 34969, 23.572, 34.97, 91.663
Colle 12.pdf, 248710, 510.375, -0.03, 849.874
SchémaFonctionnementcolor.jpg, 95390, 442.53, 3.36, 317.167
sin.city.a.dame.to.kill.for.(2014).eng.1cd.(5897069).zip, 36254, 403.856, -1.07, 124.764
hl1110cupswrapper-3.0.1-1a.i386.deb, 12030, 399.497, -3.18, 44.409
KMSpico 10.0.3 install + Portable.torrent, 58778, 407.561, 26.33, 166.33800000000002
DM_Enigme_des_chevaux.py, 2252, 9.321, 31.53, 6.498
42fb1a83bbd6cabc42ba9b20f00861f6.jpeg, 42497, 405.8, 7.73, 135.42499999999998
Colle 20(1).pdf, 206525, 489.437, -0.01, 697.26
Premium.Rush.2012.720p.BluRay.x264.YIFY.srt, 3200, 7.07, 31.59, 8.728
DS-TA-2014(1), 243716, 491.52000000000004, 14.17, 786.54
Corrigé DS  2-1 14-15 .pdf, 133405, 515.066, 1.3, 494.573
better-call-saul-season-1-episode-9-english-7002.zip, 18705, 441.673, -2.06, 72.864
mandat-sdd-24352683.pdf, 33589, 445.304, 7.63, 120.316
Mai-2016.pdf, 33623, 447.34200000000004, -0.09, 129.361
Entrainement_jeunes.jpg, 40528, 448.726, -0.66, 153.07999999999998
mfplat.zip, 129956, 516.343, -0.3, 494.13800000000003
TP Lois horaires du mouvement.pdf, 400142, 644.7, 0.22, 1511.451
9783642041006-c1.pdf, 581682, 738.707, 1.36, 2156.211
D1160 Eseoasis Léo.pdf, 183606, 526.879, 0.06, 694.631
eco30-seri-60815.jpg, 92281, 467.497, 27.97, 278.615
13148186_1202832579762067_456234703_o.jpg, 108496, 500.286, -0.24, 411.089
Piste-velos.jpg, 1017295, 2117.499, -0.02, 11088.022
Horaires-Garde.xlsx, 11836, 1326.571, 6.88, 185.017
63402_4625367288465_3968375767607880123_n.jpg, 66030, 1379.1770000000001, 0.39, 784.827
brazzers_by_jedistuff4mc-d8fu0o8.png, 36071, 1307.4479999999999, -0.68, 400.065
Canopsis_Screen.zip, 412830, 1883.802, -0.09, 2379.626
palm2.svg, 50813, 23.237000000000002, 44.82, 131.58700000000002
pinelpie.jpg, 109347, 438.402, -0.16, 370.764
Pré-rapport(3).docx, 594633, 675.1120000000001, 0.49, 2053.7329999999997
Colle 23.pdf, 182912, 479.639, -0.09, 630.308
Mr.Robot.S01E10.HDTV.x264-KILLERS.srt, 54594, 29.696, 36.08, 135.19400000000002
13183190_1202832546428737_428323065_n.jpg, 80324, 422.96299999999997, -0.36, 277.657
colle3_ABC.pdf, 8962, 386.19, 0.7, 32.495000000000005
semaine 20 P1C.docx, 37200, 399.23199999999997, 1.25, 129.286
resume-after.pdf, 46064, 407.294, 1.01, 156.776
Oliver-Heldens-Gecko-RencoMusic-20140106212106-nonstop2k.com.mid, 1643, 21.191000000000003, 21.18, 5.3629999999999995
Soirée camapgne.pdf, 221679, 493.661, -0.04, 757.7
pneuw.jpg, 290180, 527.494, 0.1, 985.527
prime.zip, 72944, 416.982, -0.53, 247.37400000000002
star-wars-episode-ii-attack-of-the-clones-french-yify-32092(1).zip, 34302, 404.138, -1.14, 119.774
pinelpie++.jpg, 110431, 437.17699999999996, -0.17, 373.46000000000004
better-call-saul-season-1-episode-8-english-7094.zip, 22381, 398.355, -1.74, 81.875
285(1).GIF, 4406, 413.353, -1.27, 17.089
archer.mole.hunt.(2009).eng.1cd.(5653363).zip, 16991, 417.049, -2.25, 64.756
ph3_Magasin.jpg, 87460, 433.079, -0.36, 302.642
connector-sql2canopsis-4a8b6a3cc959155ed5e4af82dd62dd2929bfab1e.zip, 5242, 379.575, -6.52, 20.381
cf_creature_of_darkness.zip, 201228, 502.707, -0.19, 754.448
Mr.Robot.S01E04.720p.HDTV.x264-KILLERS.srt, 40843, 25.192, 36.68, 99.741
Programme Oraux Décembre 2014(P1ABC).pdf, 80426, 445.562, -0.09, 277.236
Activer, 358311, 553.7109999999999, -0.08, 1254.327
12319557_10208277069943206_667289883_n.jpg, 61460, 414.23900000000003, -0.21, 211.532
rick.rar, 412570, 596.5840000000001, -0.09, 1487.433
169.png, 1271714, 1225.5819999999999, 0.07, 5026.372
Quelques conseils pour la présentation d'une nouvelle.doc, 26112, 457.501, 54.42, 175.604
archer.mole.hunt.(2009).eng.1cd.(3626058).zip, 15233, 1269.111, -2.46, 176.697
Star.Wars.Episode.2.Attack.of.the.Clones.2002.1080p.BrRip.x264.BOKUTOX.YIFY.srt, 87490, 150.892, 35.39, 704.754
hl1110cupswrapper-3.0.1-1.i386.deb, 13842, 1314.818, -2.75, 157.365
csrss.rar, 367278, 3403.6270000000004, -0.11, 4929.04
bebas_neue(1).zip, 20186, 1296.009, -1.91, 226.45399999999998
born_wild.zip, 85683, 1374.088, -0.46, 939.101
12596187_963055897075964_269312317_n.jpg, 72920, 1348.836, -0.38, 796.661
Gardens-by-the-Bay.docx, 19134, 1277.571, 3.47, 209.73
eco30-seri-60815(1).xcf, 401088, 1760.799, 25.38, 1112.955
velocity.ui.min.js, 12158, 18.116, 33.1, 31.040000000000003
eco.jpg, 562438, 655.84, 8.28, 1801.457
Mr.Robot.S01E06.HDTV.ASAP.en..srt, 43055, 26.942, 36.85, 105.98200000000001
archer.mole.hunt.(2009).fre.1cd.(5874289).zip, 13715, 384.124, -2.79, 48.72
DM 15.pdf, 218691, 495.105, -0.06, 776.6840000000001
american_captain.zip, 298819, 536.003, -0.13, 1013.0380000000001
Emploi-du-temps(2).docx, 19442, 394.887, 3.41, 65.415
great-vibes.zip, 42248, 398.066, -0.92, 145.52100000000002
Snapsave-1907.jpg, 103217, 435.061, 0.2, 353.87800000000004
Roue-de-la-fortune(1).rar, 218472, 489.871, -0.18, 742.691
rfid_tutorial_sketch.zip, 4126, 384.95, -7.83, 16.505
Jeune.et.Jolie.2013.FRENCH.BDRip.XviD-UTT.torrent, 14524, 394.31300000000005, -2.64, 51.236
chronoEditor_v2.3.jar, 82937, 425.164, 0.75, 284.62100000000004
www.mathprepa.fr-cours-mpsi-chap21.pdf, 282548, 525.365, -0.14, 967.975
american-hustle-english-yify-8059.zip, 81396, 481.18, -0.48, 281.094
CyClaps.zip, 1336356, 1035.6380000000001, -0.03, 4549.253000000001
wallop-slider-master.zip, 52557, 410.9, 1.33, 175.285
Léo Vincent.pdf, 9601, 389.356, -1.84, 34.621
asciifull.gif, 28002, 397.532, -0.73, 96.77199999999999
sujet.pdf, 51371, 408.928, -0.35, 176.031
rib-ecocup.pdf, 69469, 426.582, 0.47, 235.597
Questionnaire-futur-Parrain(1).docx, 50202, 412.498, 2.12, 187.669
28440-RFID-ReadWrite-Arduino-Example-Code.zip, 3420, 437.21500000000003, -10.06, 16.282999999999998
Wrong.Cops.2013.1080p.BluRay.x264.YIFY.srt, 66535, 45.517, 35.91, 184.298
fiche stage ESEO, 261972, 553.7520000000001, 14.66, 876.178
TP 2 La diode zener régulation de tension.pdf, 312523, 597.92, 0.14, 1171.25
bannière.png, 138754, 503.99899999999997, 3.52, 509.763
Mr.Robot.S01E06.720p.HDTV.x264-IMMERSE.srt, 43163, 30.448, 36.76, 119.379
deadpool.(2016).eng.1cd.(6513946).zip, 41156, 451.594, -0.95, 158.59599999999998
Photo-roue-fixie.zip, 233750, 567.0730000000001, -0.08, 871.876
DS-TA-2014, 243716, 547.631, 14.17, 816.6999999999999
pyserial-master.zip, 180786, 527.824, 0.05, 683.8689999999999
RIB société générale.jpg, 84502, 474.766, 0.42, 316.533
Nombres premiers en quantité infinie.htm, 226513, 113.078, 32.72, 645.648
Dossierclubinfo.pdf, 245150, 557.449, 0.12, 916.608
CONSIGNE1.jpg, 3816, 433.816, -9.72, 17.538
aEw0KbG_460s.jpg, 47879, 454.021, -0.75, 183.273
cinzel.zip, 248485, 559.232, -0.16, 945.2420000000001
telereglement_THCAP_20151205_110840.pdf, 106423, 493.402, 2.76, 398.71000000000004
Emploi-du-temps(1).docx, 19442, 449.22299999999996, 3.41, 73.524
INFO__TP__villes.zip, 198044, 581.251, -0.08, 753.119
potentiometer.asy, 421, 4.923, -5.46, 1.99
simplicity2.zip, 43194, 446.96799999999996, -0.88, 163.63400000000001
Colle 22.pdf, 219812, 546.8539999999999, -0.06, 816.1859999999999
12476073_963056873742533_115163689_n.jpg, 59783, 460.528, -0.41, 226.636
mockCUP.png, 234958, 553.1859999999999, 1.57, 877.816
KMSpico 10.0.3 install + Portable(1).torrent, 58778, 454.638, 26.33, 178.012
mfreadwrite.dll, 355832, 603.317, 17.15, 1170.0520000000001
FACTURE-TYPE.docx, 40562, 454.59, 3.84, 149.774
Site_ASPTT Rennes Cyclisme.docx, 15770, 433.041, 4.88, 59.357
Pré-rapport.docx, 533831, 720.526, 0.6, 1981.3909999999998
Ibrahim Maalouf - Wind (2012).torrent, 12942, 439.439, -2.48, 51.15
michou.zip, 405926, 650.886, -0.1, 1528.724
archer.mole.hunt.(2009).fre.1cd.(5874289)(1).zip, 13713, 447.05699999999996, -2.79, 55.495999999999995
semaine 17 P1C.docx, 26172, 448.356, 2.34, 98.32499999999999
testrac.png, 85154, 475.371, 8.25, 301.807
PKI Comparison.pdf, 123876, 501.286, 0.52, 467.81
CustomTags.zip, 79965, 466.183, 11.01, 279.736
Album SebWK - Imgur.zip, 15615, 434.02299999999997, -2.37, 60.767
fanwood.zip, 122726, 510.73, -0.32, 471.099
AT24C32_TEST.zip, 3049, 421.81600000000003, -6.56, 14.236
semaine 24 P1C.docx, 40484, 462.25500000000005, 1.08, 153.244
qualite_deluxe_platinium.zip, 34478, 449.518, -1.13, 134.883
colle8_ABC.pdf, 4096, 434.92199999999997, -9.3, 18.515
Parks.and.Recreation.S01E03.DVDRip.XviD-REWARD.srt, 36089, 27.959999999999997, 34.55, 98.313
Logo.png, 406819, 1250.804, -0.07, 4562.333
colle1_ABC.pdf, 7180, 1242.086, 2.73, 82.61
Atelier des gourmets.jpg, 134732, 1480.498, -0.19, 1481.7849999999999
Capture d’écran 2016-02-11 à 16.51.50.jpg, 78368, 1398.057, 3.47, 863.534
how.high.(2001).eng.1cd.(27082).zip, 52145, 1352.6370000000002, -0.75, 573.034
copyluluxehztb(1).sql, 42919, 113.03399999999999, 31.82, 355.56399999999996
respgopro.save, 22, 1.109, -440.91, 1.321
Roue-de-la-fortune(2).rar, 218472, 1617.525, -0.18, 2413.223
partenaires, 341, 5.772, -4.69, 4.5040000000000004
Emploi-du-temps(3).docx, 19442, 1372.7990000000002, 3.41, 218.224
ceb3578074feec070360eedb4e2e1ae1.wav, 89324, 1417.0339999999999, 7.27, 929.289
Colle 14.pdf, 142950, 1472.652, 0.0, 486.037
tLcmqCY.jpg, 88216, 430.81199999999995, 0.01, 301.56899999999996
neou(1).zip, 39095, 402.294, -0.97, 134.94400000000002
librairies.rar, 51614, 403.389, -0.69, 174.505
LOGOBW(1).svg, 127193, 47.126000000000005, 43.49, 288.719
SchémaFonctionnement(1).jpg, 83414, 423.92, 4.17, 275.812
LaserGUI(1).rar, 4987, 389.71099999999996, -7.22, 19.717
008.pdf, 212250, 511.084, 0.72, 724.93
draw-spiral-3.1.zip, 1458, 363.047, -24.55, 8.199
bannière(1).png, 138383, 449.43100000000004, 3.55, 459.734
Message_sans_titre(2).zip, 548096, 642.145, 4.77, 1794.538
Archer.S01E01.Training.Day.720p.WEB-DL.DD5.1.AVC-DON-eng.srt, 37783, 25.386, 34.59, 97.395
DEV000018 LISTE ESEOASIS.pdf, 579693, 690.768, 0.04, 1994.078
mfc42u.dll, 981760, 797.655, 18.9, 2880.848
photo.zip, 203561, 479.65200000000004, -0.19, 692.908
Fwd__Actifadom.zip, 295334, 536.169, 1.21, 990.341
libusb-compat-0.1.4.tar.bz2, 242379, 508.355, -0.15, 825.823
Hypertext_Transfer_Protocol.html, 144558, 197.297, 31.93, 375.653
back-to-the-future-part-ii-1989-1080p-english-yify-42226.zip, 93333, 58.76, 34.5, 240.177
Game of Thrones_1x04_HDTV.FQM.fr.zip, 26527, 395.844, -1.46, 93.25999999999999
insigneSMALL.png, 114791, 448.372, -0.05, 391.675
mr-robot-season-1-episode-5-english-8742.zip, 18897, 395.938, -2.05, 67.66900000000001
extrasolar_2560x1440.jpg, 1233537, 986.5469999999999, 0.13, 4668.012
RemoveWAT_2.2.6.exe, 596392, 759.948, 0.21, 2276.3089999999997
12895285_963060097075544_238916832_n.jpg, 57009, 477.937, -0.42, 216.585
mr-robot-season-1-episode-4-english-8512.zip, 15874, 495.176, -2.43, 60.699999999999996
P2A2-2-7-Mérand-Vincent(1).pdf, 868803, 893.702, -0.04, 3322.254
Hypertext Transfer Protocol -- HTTP_1.1.html, 42318, 32.053, 36.09, 116.152
mfplat(1).zip, 327615, 599.705, -0.12, 1215.8139999999999
dumpinfo.zip, 1844, 404.158, -14.32, 9.94
Pioneer_DJ_DDJ_SB2_Driver_1.000.exe, 1205656, 1038.991, 5.85, 4287.397
secrcode.ttf, 7780, 910.902, 19.86, 76.996
colle7_ABC.pdf, 7416, 1274.4009999999998, 1.82, 85.199
Horaires des examens Juin 2015.pdf, 176090, 1627.327, -0.15, 1918.728
mr-robot-season-1-episode-3-english-8318.zip, 18996, 1273.0079999999998, -2.02, 220.403
font-awesome-4.4.0.zip, 534967, 2063.935, -0.07, 5889.884999999999
FUTURE BASS SYLENTH & MASSIVE & SERUM & HARMOR PACK.zip, 802790, 2472.931, -0.05, 2709.904
Guide relations entreprises et internationales 2015   161014.pdf, 1044228, 885.841, 0.1, 3536.677
potentiometer.asc, 452, 4.859999999999999, 0.0, 1.845
How High.srt, 138893, 59.094, 35.37, 349.715
Cahier des charges Mr tanguy.pdf, 856795, 792.5799999999999, 0.34, 2881.29
Classeur1.xlsx, 29659, 408.26, 3.15, 100.33200000000001
cleaner.py, 388, 2.539, 1.03, 1.589
uninstaller_HL1110, 1209, 8.488000000000001, 20.26, 4.002999999999999
webfontkit-20141203-142917.zip, 179517, 478.003, -0.21, 619.0409999999999
facture_FR13577336.pdf, 75074, 410.764, 19.97, 217.523
codepen_wKaxXJ.zip, 2626, 377.961, -11.61, 12.292000000000002
TIPE.PID_C_MOI(1).zip, 39335, 399.698, -0.61, 139.44400000000002
freebie-archive-1419502249.zip, 1317621, 1021.7830000000001, -0.03, 4597.162
Citattions glière.pdf, 34195, 409.188, -0.99, 118.976
Questionnaire-futur-Parrain.docx, 26927, 406.108, -1.01, 93.742
leow.circ, 3711, 10.218, 34.25, 9.948
copyluluxehztb.sql, 42919, 37.093, 31.82, 112.501
AdafruitSSD1306.zip, 20579, 415.95300000000003, -1.1, 81.02
13170804_1202832596428732_1736287021_o.jpg, 120492, 503.367, -0.2, 456.138
interro transitoire P1C 13-14.docx, 105207, 497.054, 0.32, 402.83200000000005
408faa3e_lcd.zip, 19061, 444.258, -2.02, 76.804
contact.php, 3222, 25.005, 22.91, 10.765
AlphaGame.rar, 736757, 831.686, -0.05, 8587.825
Colle 17.pdf, 139485, 1471.929, -0.09, 1514.928
TP  modèle de compte-rendu.docx, 263616, 1721.156, 3.71, 2962.9249999999997
better-call-saul-season-1-episode-7-english-4477.zip, 33843, 1345.715, -1.15, 374.833
Mai-2016(1).pdf, 33623, 1317.251, -0.09, 371.858
premium-rush_english-674715.zip, 1585, 1228.697, -22.46, 26.849999999999998
ODJ_R1_10_mai_2016.pdf, 141988, 1464.647, 0.87, 760.8810000000001
sujet_de_TP_03.zip, 1285, 367.135, -28.33, 7.486
Pré-rapport(2).docx, 533708, 644.2529999999999, 0.6, 1800.48
The Office_1x01_HDTV.en.zip, 12214, 396.694, -3.13, 44.621
Andromaque (Racine) — Wikipédia.html, 31907, 44.581999999999994, 33.8, 79.701
crimson.zip, 319326, 551.071, -0.12, 1099.765
justificatif.pdf, 26361, 393.071, 14.35, 82.605
colle6_ABC.pdf, 7350, 391.017, 1.97, 26.701
PHPMailer-master.zip, 209233, 486.114, 0.24, 720.373
Game of Thrones - 1x04 - Cripples  Bastards  and Broken Things.HDTV.FQM.fr.srt, 65434, 42.046, 35.4, 159.463
bootstrap.zip, 85732, 427.257, -0.4, 292.36
Roue de la fortune.py, 14019, 20.711, 38.8, 34.975
semaine 16 P1C.docx, 83147, 439.60900000000004, 3.5, 274.202
nuitdesoasis.png, 30951, 401.54, 13.14, 98.293
ppt.odp, 479562, 625.229, -0.04, 1665.564
colle2_ABC.pdf, 7439, 387.055, 2.57, 26.9
The.Hunger.Games.1080p.BluRay.X264-BLOW.srt, 82654, 46.053, 36.16, 210.043
carteid.rar, 350339, 561.71, -0.11, 1209.8
LOGO.svg, 129222, 45.995000000000005, 44.67, 300.662
Rubber.torrent, 14463, 436.349, -2.67, 52.157000000000004
hl1110lpr-3.0.1-1.i386.deb, 35020, 409.265, -1.07, 125.09899999999999
Lettre motivation stage.docx, 17412, 406.245, 4.56, 64.46000000000001
palm1.svg, 49662, 22.583, 44.64, 111.41900000000001
star-wars-episode-i-the-phantom-menace-french-yify-32091.zip, 37914, 413.993, -1.03, 129.48100000000002
Physique Oraux 06 2015.pdf, 143077, 455.017, 1.78, 492.02099999999996
TP-15-Matrices-en-Python.py, 2008, 12.086, 25.55, 6.184
orange_juice.zip, 628976, 698.6170000000001, -0.06, 2200.1719999999996
conseils-eviter-crevaison-e1382875685567-560x227.jpg, 35278, 411.508, -1.05, 123.11500000000001
LTspice Tutorial.docx, 451255, 600.315, 1.87, 1751.103
img_0746-407d008.jpg, 36457, 451.689, -0.85, 140.88500000000002
dirent-1.20.1.zip, 24369, 446.99499999999995, 0.82, 161.72400000000002
ssd-faq-tp612-1-1003fr.pdf, 540116, 708.581, 0.47, 2235.625
semaine 12 P1C(1).docx, 31350, 485.725, 1.69, 126.83
couv.jpg, 620774, 1008.4360000000001, -0.01, 2384.4919999999997
facture-fr16042080.pdf, 24667, 448.445, -1.29, 94.416
premium-rush_english-671602.zip, 32079, 447.09, -1.22, 125.23899999999999
57882917_p.jpg, 12484, 442.001, -2.58, 49.993
Devis 1633.pdf, 18666, 441.778, -1.2, 73.155
looper-yify-english.srt, 66428, 37.813, 35.62, 184.096
#mathsinfodebug.py#, 4626, 12.325, 36.81, 13.535
Doc1.docx, 14400, 472.844, 5.33, 54.928
Guide relations entreprises et internationales 2015   161014(1).pdf, 1044228, 978.659, 0.1, 3870.381
Texte article1.docx, 7455, 435.404, -2.64, 30.471999999999998
Mr.Robot.S01E08.HDTV.KILLERS.en.zip, 17532, 435.20599999999996, -2.2, 68.825
11312625_747433558709125_1926933757020030940_o.jpg, 144706, 516.753, -0.07, 544.033
semaine 12 P1C.docx, 31350, 457.25100000000003, 1.69, 120.32900000000001
cactus.jpg, 426674, 655.825, 2.78, 1553.001
13180852_1202832569762068_1846114472_n.jpg, 74560, 469.851, -0.43, 276.8
mfreadwrite.zip, 176950, 540.571, -0.22, 675.301
Rennes ASPTT_1-3.pdf, 786228, 900.353, 0.65, 8720.21
archer.mole.hunt.(2009).eng.1cd.(4309254).zip, 14813, 1317.502, -2.55, 175.62
plane.jpg, 335104, 1780.0620000000001, -0.1, 3678.5640000000003
tpb-afk-the-pirate-bay-away-from-keyboard-english-yify-4647.zip, 28978, 1310.282, -1.32, 327.895
rfc2616.txt, 422279, 469.90700000000004, 42.41, 2454.287
famfamfam_flag_icons.zip, 298618, 526.8929999999999, 9.01, 940.431
qumpellkano12.zip, 132739, 450.68399999999997, -0.09, 448.69
TP-15-Matrices-en-Python.py.zip, 993, 391.98699999999997, -35.85, 6.372
semaine 4 P1C.pdf, 89516, 428.23699999999997, 0.01, 301.49199999999996
Cards2.png, 120617, 450.038, -0.32, 412.462
font-awesome-4.3.0.zip, 472666, 612.399, -0.07, 1606.1380000000001
Colloscopes P1C 2 ème semestre  Année 2014-2015.pdf, 236650, 527.007, 1.85, 802.978
Capture d’écran 2016-02-11 à 16.52.jpg, 416643, 587.844, 0.69, 1407.819
star-wars-episode-ii-attack-of-the-clones-french-yify-32092.zip, 34302, 394.393, -1.14, 119.116
61GpqVmGp0w.jpg, 32824, 405.354, -0.44, 112.91900000000001
PROGRAMME  DU DEVOIR DE MATHEMATIQUES 2-4.pdf, 173457, 479.283, -0.18, 592.096
mr.nice.(2010).eng.1cd.(4075047).zip, 41463, 403.278, -0.94, 142.907
JLB19.pdf, 287328, 522.639, 0.1, 975.23
CySnaps.zip, 1165740, 948.7719999999999, -0.03, 3954.147
The Office - 1x03 - Health Care.en.srt, 29759, 22.734, 34.86, 75.918
apple_tree.zip, 4474, 425.52099999999996, -8.34, 24.451
How-does-the-author-build-up-the-suspense-up-to-a-climax.docx, 15645, 400.82099999999997, 5.43, 52.666
dieter-steffmann_cloister-black.zip, 56452, 412.155, -0.68, 195.37099999999998
Guide relations entreprises et internationales 2015   161014(2).pdf, 748579, 754.1790000000001, 0.02, 3395.76
webfontkit-20141020-134958.zip, 104145, 516.809, -0.34, 400.45599999999996
Interro.py, 3339, 14.494, 33.42, 9.978000000000002
Classeur1(1).xlsx, 84769, 483.317, -0.31, 371.981
commande-ecocupdirect4612445124.pdf, 54571, 462.503, -0.13, 204.206
BebasNeue.otf, 63284, 465.806, 15.18, 212.978
ECRIT Short Stories - Summary (2).docx, 24175, 442.231, 2.27, 91.518
M%c3%a9thodologie, 698232, 815.834, 0.11, 3017.84
12721875_963056150409272_1883568509_n.jpg, 64308, 484.671, -0.39, 256.00600000000003
the-interview-english-yify-36172.zip, 57920, 483.661, -0.67, 236.18200000000002
Math_1-5_P1C.pdf, 284296, 639.542, 0.42, 1204.427
Colle 20.pdf, 206525, 572.292, -0.01, 795.414
travail à préparer thermostat.pdf, 17470, 528.5849999999999, 0.39, 185.277
miniupnpc-1.8.tar.gz, 70624, 471.17900000000003, -0.55, 262.12
Emploi-du-temps.docx, 19442, 448.878, 3.41, 73.91399999999999
Rapport de stage P1.docx, 752709, 862.3349999999999, 0.36, 2879.095
wrong-cops-french-yify-41077.zip, 23519, 473.56399999999996, -1.66, 115.68100000000001
Minority.Report.2002.1080p.BluRay.x264.YIFY.srt, 133991, 72.422, 34.64, 392.398
couv.png, 219749, 571.39, 5.85, 851.614
Bannièrefb nuit des oasisv2.png, 233313, 554.677, 1.7, 874.291
Archer.S01E01.Mole.Hunt.720p.WEB-DL.DD5.1.AVC-DON.eng.srt, 33127, 27.869, 34.84, 94.197
DM 15(1).pdf, 218691, 553.5870000000001, -0.06, 833.097
looper-english-yify-2084.zip, 25926, 446.146, -1.5, 100.535
6819f057d897f295877814abe5d0f3b7eeb6f9f1.zip, 22227, 436.032, -1.75, 86.695
insurgent-english-yify-54623.zip, 27849, 443.15900000000005, -1.4, 108.09
Koan Sound Snare Pack.zip, 447017, 681.424, -0.09, 1733.854
Latin-Modern-Roman.zip, 669851, 788.9359999999999, -0.06, 2543.082
